customer_id,name,email,city,signup_date
1,James Miller,michaelmeyer@example.com,Lake Amytown,2025-03-19
2,Amber Hall,russellbaxter@example.org,Lake Tiffany,2026-03-18
3,Mary Figueroa,robertsjeremy@example.net,South Ronaldberg,2025-05-18
4,Cynthia Pittman,eward@example.net,Port Brandonport,2026-07-18
5,Dawn Long,warrenchristopher@example.org,Lake Jacobbury,2024-11-17
6,Julie Johnson,kevincarter@example.org,New Jacquelinebury,2025-05-10
7,Brandon Mitchell,tjohnson@example.com,Sancheztown,2026-01-24
8,Harold Chavez MD,scott66@example.net,North Anthony,2025-10-22
9,Lisa Carlson,qreynolds@example.org,Obrienside,2026-04-01
10,Kimberly Miller,tinawhite@example.com,Carterfurt,2026-07-02
11,Gregory Tate,unknown@example.com,Tylerside,2025-10-15
12,Justin Weber,paul50@example.net,South Saramouth,2025-07-05
13,Ernest Ramos,heathercobb@example.net,Port Rachelport,2026-03-23
14,David Huang,valenzuelakelly@example.com,Thomasville,2024-12-13
15,Jasmine Walsh,frederickbailey@example.net,Kaitlynview,2024-08-07
16,Makayla Phillips,angel11@example.com,Jerometown,2025-08-13
17,Mr. Donald Jackson,rebeccamartinez@example.net,South Hollyside,2025-05-14
18,Nicole Johnson,amanda35@example.com,Steventon,2025-08-02
19,Cassandra Rogers,jesus80@example.com,New Derrick,2024-12-21
20,Christian Cox,qbrown@example.net,Jasmineberg,2025-06-26
21,Sheri Fletcher,meyersjohn@example.com,Friedmanton,2025-09-20
22,Lori Griffin,gilbertpatrick@example.com,Port Ginamouth,2025-11-29
23,Patrick Ruiz,nicolebutler@example.org,Jeannebury,2026-05-13
24,Andre Phillips,hrodriguez@example.net,East Elizabethborough,2025-09-24
25,Oscar Smith,tburnett@example.com,West Michelle,2025-01-31
26,Kimberly Maldonado,unknown@example.com,Rojaston,2025-03-21
27,Jeffrey Mcdonald,christinawilson@example.com,Ryanmouth,2025-11-24
28,Linda Gutierrez,jherrera@example.org,Johnsonview,2024-12-24
29,Ashley Lucas,kacevedo@example.com,Lake Bradstad,2026-02-10
30,Cameron Boyd,gailhamilton@example.net,Shannonbury,2026-06-09
31,Sonya Moran,eric96@example.net,Staceyland,2025-06-13
32,Anthony Baker,qjackson@example.org,Port Benjaminfurt,2025-01-28
33,Holly Smith,riversrichard@example.org,Donaldfort,2025-05-25
34,Jessica Kelley MD,holtmichael@example.org,Davismouth,2026-04-14
35,Gary Moore,lmartinez@example.org,Ryanbury,2024-10-14
36,Regina Mcknight,davistina@example.com,North Melissa,2025-09-15
37,Angela Horton,christine28@example.com,West Hunterside,2024-12-14
38,Ruben Brown,pbooth@example.org,North Michellemouth,2024-11-22
39,Jason Kelly,sarapetersen@example.com,South Joseph,2025-07-22
40,John Thompson,diane96@example.com,New Samantha,2025-08-20
41,Christine Martinez,lodom@example.com,Lake Derekburgh,2025-04-25
42,David Curtis,michaelcook@example.net,Port Tammie,2025-05-07
43,Andrew Higgins,olopez@example.com,Rodriguezside,2025-09-10
44,Matthew Clark,sschneider@example.org,Lake Jesse,2025-08-16
45,Shane Ruiz,joanna00@example.org,Port Williamside,2024-10-31
46,Elizabeth Dixon,higginschristina@example.com,Bassfurt,2025-02-15
47,Eric Collier,tracy69@example.net,East Todd,2024-12-15
48,Deborah Ayala,michaelrobinson@example.net,Lopeztown,2026-01-15
49,Calvin Mcdonald,fostercharles@example.org,New Vincentborough,2026-03-20
50,Thomas Lopez DDS,danieltran@example.net,West Sara,2025-01-24
51,Emily Jarvis,mortiz@example.net,East Benjaminfurt,2025-07-14
52,John Barker,mezapaul@example.com,Jakeshire,2025-06-17
53,Morgan Serrano,lindsey86@example.net,Port Donnamouth,2026-07-03
54,Tyler Durham,david81@example.com,Villanuevastad,2026-04-26
55,Keith Vasquez,amycole@example.net,Port Mary,2025-01-24
56,Sara Garcia,kwalker@example.com,Kellimouth,2025-04-09
57,Amy Carey,amber54@example.org,Reeseside,2025-06-12
58,Kathryn Roberts,nicholasanderson@example.com,West Dana,2025-10-29
59,Elizabeth Jensen,angelabailey@example.com,New Danielland,2025-03-31
60,Michelle Romero,tjohnson@example.com,Port Michaelport,2026-06-29
61,Cynthia Ellis,lamberttiffany@example.com,Port Shawna,2025-09-06
62,Natalie Ramsey,vpowell@example.net,Seanchester,2025-01-10
63,Susan Wolfe,brianayala@example.com,West Jessica,2024-11-15
64,Amanda Giles,tammyrobinson@example.org,Evanshaven,2025-01-19
65,Mary Gomez,julia90@example.org,Taylortown,2024-10-07
66,Paul Miller Jr.,garzadevon@example.com,South William,2026-04-27
67,Bethany Rose,foleypaul@example.org,Wilsonmouth,2025-02-02
68,Chris Novak,taylorjohn@example.net,Port Mariaburgh,2024-11-23
69,Michael West,edwardslinda@example.net,Zimmermanberg,2025-07-19
70,Anthony Grant,jweaver@example.com,Thomasborough,2024-08-11
71,Anne Jones,npierce@example.org,Dickersonfort,2026-03-28
72,Tanya Stanley,cruznicholas@example.org,Sabrinaton,2026-05-21
73,Ashley Cunningham,pmartinez@example.com,North Jenniferbury,2026-06-03
74,Matthew Brown,qcarney@example.org,New Stephaniemouth,2025-11-21
75,Chad Thomas,breanna80@example.net,New Kimberly,2024-08-25
76,William Smith,dmoore@example.org,East Emilybury,2025-05-17
77,Tonya Stone,anne77@example.org,Vincentbury,2026-05-30
78,Kenneth Rhodes,marcus67@example.com,Evansbury,2025-10-17
79,Meghan Hicks,omaldonado@example.org,Brownton,2026-07-23
80,Kim Luna,johnsondeanna@example.com,Lake Geraldbury,2025-12-22
81,Katie Salazar,dsmall@example.net,North Ronald,2024-11-24
82,Traci Golden,qlynch@example.org,Port Lauren,2026-01-28
83,Lori Roberson,jonesnancy@example.org,Patrickfurt,2025-01-17
84,Keith Price,wernerjason@example.net,Jesusborough,2026-03-29
85,Rebecca Benson,evansamy@example.org,South Jenniferport,2025-11-14
86,Russell Olson,ithomas@example.org,Amyland,2024-11-25
87,Brian Marks,michael61@example.net,Stevenhaven,2025-10-20
88,Sharon Hernandez,qfrazier@example.org,Port Jacob,2026-03-11
89,David Smith,carpentertracy@example.com,West Thomas,2026-04-03
90,Lisa Pruitt,vnewton@example.net,Lake Austin,2025-12-21
91,Andrew Rodriguez,gravesgary@example.net,Youngside,2026-01-14
92,Savannah Reynolds,tammy56@example.net,Jacquelineside,2025-06-08
93,Matthew Barry DVM,gjackson@example.com,East Robert,2025-01-11
94,Jennifer Wong,murraymelissa@example.org,Cooperburgh,2025-11-22
95,Virginia Diaz,charlesgonzales@example.org,Gonzalezton,2025-01-04
96,Stefanie Morales,wvaldez@example.net,Lake Jamiefurt,2025-11-18
97,Tonya Lopez,stephenblake@example.com,East Laurafurt,2026-07-18
98,Gregory Thomas,bmccarty@example.org,Sanfordfurt,2026-04-07
99,Terry Greer,donald89@example.com,Fernandezland,2025-05-18
100,Emily Sanders,christopherarroyo@example.org,North Gregorybury,2026-06-02
101,Adam Solomon,xgarcia@example.net,Port Melissamouth,2025-07-19
102,Timothy Johnson,kentholly@example.com,New Josephview,2025-06-06
103,Brandon Lewis,dodsonmegan@example.net,Lorifort,2025-01-24
104,Michael Phillips,mcclainclaudia@example.org,Jaredborough,2025-05-12
105,Donna Cox DDS,vazquezashley@example.com,Danielville,2026-06-16
106,Audrey Romero,klee@example.net,Hannahberg,2025-01-09
107,Ryan Reed,knoxkimberly@example.org,Shawnaburgh,2025-02-10
108,Cody Goodman,melissa72@example.net,North Amanda,2024-11-02
109,Tracy Perez,toddgreen@example.org,Robinsonmouth,2026-02-05
110,Jessica Jones,blakeduncan@example.net,North Jasonborough,2026-04-20
111,Rachel Nguyen,kennethbarrett@example.com,Andersontown,2026-06-11
112,Amber Morgan,fbooker@example.org,Davidside,2024-08-07
113,Nicholas Bruce,kathryncross@example.org,East Elizabeth,2025-05-18
114,Eddie Pacheco,kimberlyschultz@example.com,New Ann,2026-03-14
115,Barbara Morrison,luke56@example.org,North Jeremyfurt,2025-09-09
116,Daniel Stevens,bdiaz@example.net,New Whitneytown,2026-04-15
117,Brandon Villa,qpowell@example.org,South Kristen,2025-04-28
118,David Baker,julian25@example.com,Sheltonchester,2024-09-12
119,Robert Smith,jacobwilson@example.com,New Anneborough,2024-09-03
120,Angela Tyler,ncarlson@example.net,South Nicolebury,2025-08-02
121,Jason Thomas,davidsonmegan@example.com,Williamsfort,2026-04-02
122,Nicole Jones,megan31@example.net,Port Isabel,2025-10-17
123,Shelby Rodriguez,hubbardgregory@example.org,Thomasland,2024-10-19
124,Steven Giles,mosskaren@example.net,Smithport,2025-02-19
125,Jamie Garner,acastaneda@example.net,West Sheila,2025-10-10
126,Valerie Lopez,omiller@example.net,Kirbymouth,2025-03-25
127,Christina Sanchez,lowemorgan@example.com,Allisonshire,2026-04-07
128,Mary Moore,garybates@example.com,East Rodney,2025-11-24
129,Thomas Smith,gfox@example.org,West Brian,2024-11-14
130,Wayne Kramer,laceyruiz@example.net,Port Michaelchester,2025-04-01
131,Jack Fisher,fostersherri@example.com,East Nathanborough,2024-09-05
132,Mckenzie Walton,jenniferhale@example.net,North Emily,2024-12-22
133,James Lopez,uadams@example.com,Sheenahaven,2026-01-17
134,Mitchell Reed,gail37@example.org,North Joseph,2025-02-14
135,Kelly Davenport,pwheeler@example.org,West Emily,2025-02-14
136,Rebecca Young,david84@example.com,South Joshuaberg,2024-09-01
137,Evan Johnson,jhernandez@example.net,New Nicholas,2025-06-05
138,Leonard Mendoza,nancymckinney@example.org,Carterberg,2025-10-05
139,Paula Newton,martin83@example.org,South Claytonborough,2026-02-15
140,Kyle Williams,robert93@example.org,Barbaratown,2024-11-12
141,Joan Torres,llong@example.org,Lake Alexanderview,2025-06-12
142,Kathryn Wright,andersonphillip@example.com,Carsonfort,2025-05-26
143,Michael Mcbride,gdavis@example.com,Michaelshire,2024-08-29
144,Steven Walker,wrightedward@example.net,Brianbury,2025-10-12
145,Stephen Nolan,whunt@example.org,Barrerastad,2026-05-14
146,Danielle Martinez,evanmartin@example.com,Jacobston,2024-09-04
147,Grant Williams,michaelsmith@example.org,Allenville,2026-07-29
148,Joe Jacobs,xjohnson@example.net,Aaronland,2024-09-21
149,Ashley Davis,haneyrussell@example.com,New Christinemouth,2025-08-01
150,Michelle Smith,erinkim@example.org,West Monicaborough,2026-05-08
151,John Olson,lawrencecarrie@example.org,Lake Derekview,2025-08-27
152,Travis Harris,careycurtis@example.org,Franklinton,2025-07-01
153,Katrina Harris,tayloramy@example.net,Angelafort,2026-01-11
154,Paul Ryan,robert29@example.org,West Joseph,2026-05-13
155,Tiffany Gonzalez,delgadoeddie@example.com,New Henrymouth,2025-03-23
156,Mrs. Regina Allen,brooksronald@example.org,New Michael,2025-11-03
157,Sharon Morris,josebeard@example.org,New Susan,2024-09-08
158,Matthew Huff,wwhite@example.com,Osbornefort,2025-01-22
159,Alyssa Miller,weaverbrian@example.net,North Jennifer,2025-11-02
160,Lawrence Garcia,amber54@example.org,Alexiston,2025-10-16
161,Colleen White,shannonhoward@example.com,Perkinsview,2025-09-01
162,Karen Martinez,umoore@example.com,New Lindaville,2026-05-10
163,Diane Gates,ashley63@example.net,Mitchellmouth,2024-12-12
164,Amanda Taylor,tamara32@example.com,Michaelton,2026-07-03
165,Jonathan Walker,anthony76@example.com,Dawnstad,2024-11-20
166,Sharon Davis,fjordan@example.com,Katieton,2024-09-24
167,Lucas Garcia,ucastro@example.org,Buckborough,2024-11-05
168,Taylor Walker,thomas67@example.org,South Brittanyville,2025-08-20
169,Pamela Burton,sierra89@example.com,South Matthew,2026-03-27
170,Amy Hickman,anthony87@example.org,Salazarhaven,2026-03-14
171,Denise Sanders,christopher08@example.org,New Danielle,2025-07-05
172,Steve Long,elizabethmaxwell@example.net,New Joshua,2026-03-10
173,Michael Benson,kaitlynhenry@example.com,Mayobury,2025-03-05
174,Johnny Combs,emily01@example.com,East Timothy,2025-05-14
175,Keith Brown,thunter@example.org,North Sherylstad,2024-08-09
176,Chelsea Duran,daviskevin@example.net,South Yeseniafort,2026-06-20
177,James Thomas,xlindsey@example.org,North Colin,2025-05-11
178,Kimberly Harvey,bradleywilkinson@example.com,Lake Toniburgh,2026-03-13
179,Thomas Li,mendezjoseph@example.org,Jeanettechester,2026-04-28
180,Michael Young,lphillips@example.org,Anthonyfort,2026-06-07
181,Stephanie Ballard,jermaineorozco@example.net,Anthonyburgh,2026-04-03
182,Jeffrey Horn,kayla47@example.net,Samanthachester,2024-12-12
183,Aimee Smith,marshalleric@example.org,Christopherport,2025-05-03
184,Mary Baker,gina48@example.org,North Katherineland,2024-10-07
185,Darrell Alvarez,ashley63@example.com,Albertfort,2024-10-12
186,Ashley Baker,jasonfarrell@example.org,Wallacefort,2025-01-25
187,Paul James,evelynwashington@example.com,Evanston,2025-12-30
188,Sarah Moore,yflores@example.org,Shafferview,2024-09-05
189,Joann Crosby,davidnguyen@example.net,Campbellfort,2026-06-26
190,Sharon Mann,barrbrad@example.com,Alvarezport,2025-10-07
191,Lisa Cook,christophervasquez@example.com,New Danielport,2026-03-14
192,Vickie Campbell,joyperry@example.com,Lake Tinachester,2025-02-11
193,Cynthia Price,walterlamb@example.net,Port Daniel,2026-07-20
194,Gerald Rhodes,phillip58@example.org,Lake Antonio,2026-03-30
195,Jason Pugh,gomezcynthia@example.org,Kevinberg,2025-04-29
196,Deborah Powell,danadixon@example.net,East Kristin,2025-07-27
197,Rhonda Anderson,renee26@example.net,Masonhaven,2025-09-18
198,David Willis,brittany97@example.org,Port Jacob,2026-06-02
199,Kelly Bowers,paigeramirez@example.com,West Stevenmouth,2025-07-22
200,Ian Clark,jasonlong@example.org,Andersenland,2025-05-30
201,Sarah Olsen,jschmidt@example.org,Brownburgh,2025-04-23
202,Michelle Ryan,madeline32@example.net,Masseyborough,2024-09-08
203,Kelly White DVM,brandon45@example.com,Lake Wendychester,2026-04-23
204,Melissa Cordova,tabitha03@example.com,North Michael,2026-02-16
205,April Sherman,ijones@example.net,Fosterview,2025-11-08
206,Thomas Walters,kpowell@example.net,Markhaven,2025-07-03
207,Jim Tyler,thomasdavid@example.org,Melissashire,2026-02-15
208,Thomas Hopkins,delacruzvanessa@example.org,Lake Davidstad,2024-10-03
209,Katie Woods,royjohnson@example.net,Waltersborough,2025-12-16
210,Linda White,zacharyburke@example.org,South Jasonhaven,2025-03-03
211,Melissa Allen MD,joel53@example.com,Port Tricia,2025-01-23
212,Ronnie Dalton,sonya91@example.com,Port Alison,2024-11-12
213,Teresa Williams,anthonymccarthy@example.org,East Lisa,2026-02-01
214,Zachary Taylor,jimmy83@example.com,South Jeffreyville,2025-10-17
215,Christopher Edwards DVM,akim@example.com,Crystalfurt,2025-11-07
216,Katherine Fuller,cjimenez@example.net,New Philip,2026-03-09
217,Jessica Robertson,watkinsbrandy@example.org,South Jason,2025-12-31
218,Jade Wheeler,rebecca90@example.org,Jessicamouth,2026-02-03
219,Barbara Gonzalez,privers@example.com,Williamston,2025-02-05
220,Steven Gomez,jade20@example.com,Jeffreyhaven,2024-11-01
221,Jeffrey Adkins,riverarobert@example.net,Aaronview,2026-07-29
222,Danny Sharp,cynthia47@example.net,Jillton,2025-09-26
223,David Mills,washingtonjeffery@example.com,East Rodneychester,2025-05-15
224,Jacqueline Brown,angelapowers@example.net,Allenburgh,2026-05-13
225,Darrell Mejia,jessica57@example.net,North Sheryl,2026-04-09
226,James Wilson,wilsonanthony@example.net,Simmonsville,2026-07-30
227,Madeline Cook,gomezdeborah@example.org,West Danielleton,2024-10-19
228,Taylor Walker,cherrera@example.com,Lake Lisa,2026-05-25
229,Tiffany Rodgers,jacksonjonathan@example.org,West Jennifer,2026-02-14
230,David Whitehead,victoriabailey@example.com,Port Anthony,2026-04-21
231,Amy Myers,irodriguez@example.org,Jordanland,2026-02-10
232,Arthur Nolan,cranemackenzie@example.com,North Ashley,2024-10-19
233,Christopher Martin,rdean@example.com,East Nicolemouth,2025-08-21
234,Paul Ford,elizabethgilbert@example.org,North Connie,2026-06-05
235,David Olsen,joseodonnell@example.org,East Todd,2026-01-28
236,Paula Adams,yvonneharris@example.org,New Hannahview,2025-03-09
237,Robert Obrien,joshua15@example.com,South Frederickville,2025-01-22
238,Curtis Howell,smithtammy@example.org,North David,2025-03-04
239,Pamela Combs,ycrawford@example.net,Anneland,2025-01-01
240,Kimberly Hines,davidsongreg@example.com,Moorehaven,2025-01-22
241,David Singleton,cgibson@example.com,North Franciscoburgh,2026-04-16
242,Richard Webster,lrowe@example.com,Barbaratown,2025-09-23
243,Brent Day,iweaver@example.com,Masonville,2025-11-07
244,Stephanie Wolfe,jeremymosley@example.com,Port Joseph,2024-11-15
245,Rebecca Fitzgerald,joshuafrye@example.net,Laurenborough,2025-03-26
246,Melissa Hunt,walkermelissa@example.com,Ryanburgh,2025-05-20
247,Daniel Sanchez,michellejohns@example.com,Hillland,2025-10-30
248,Richard Lawrence,jordan53@example.net,Burkeburgh,2026-07-11
249,Michael Smith,bcollins@example.com,Harrisburgh,2024-09-15
250,Johnathan Wong,rebekah79@example.net,Thomastown,2025-07-15
251,Sabrina Beltran,ogriffin@example.org,Brittanyton,2025-03-13
252,Renee White,stanleybright@example.net,North Victor,2024-12-09
253,Emily Shaffer,curtis20@example.net,Adamview,2025-12-22
254,Amanda Brown,fosterdavid@example.com,South Jasonton,2025-03-25
255,Lori Wright,sarahcarter@example.net,East Cynthia,2026-05-25
256,Rodney Fernandez,jenkinslatoya@example.com,New Kathleen,2025-12-16
257,Kristin Chen,xanderson@example.org,West Jamesbury,2024-10-09
258,Richard Clark,laurastout@example.org,East Carlberg,2026-05-09
259,Keith Rogers,xroberts@example.org,Campbellmouth,2025-12-18
260,Joshua Lyons,mcleangwendolyn@example.com,Adrianstad,2026-04-14
261,Brittany Hensley,matthew89@example.org,Williamshaven,2026-02-12
262,Lori Parker,brandisimpson@example.org,East Julieport,2025-02-05
263,Carol Anderson,martinparker@example.net,New Austin,2026-01-30
264,Justin Galvan,gabrielhicks@example.net,New Dalton,2025-03-14
265,James Mitchell,nparker@example.org,Brownland,2026-02-11
266,Deanna Allen,opotts@example.com,North Dylanland,2025-07-23
267,Jose Brown,natalie30@example.com,South Chelsea,2024-10-25
268,Mr. Clifford Berry II,breannabaker@example.com,West Taylor,2025-04-15
269,Billy Howard,aliedward@example.net,Lake Cynthiafort,2026-04-03
270,Alexis Harrison,daniel34@example.org,Ryanville,2024-09-27
271,Dustin Murphy,anthony27@example.com,Cooperville,2025-02-27
272,Shawn Stephens,paynejacob@example.com,Odomberg,2024-12-28
273,Gina Frederick,matthewslaura@example.com,Port John,2026-04-19
274,Deborah Russell,bmcdonald@example.net,South Kevin,2025-08-06
275,Natalie Foster,qmueller@example.org,Ashleytown,2026-01-19
276,Elizabeth Garcia,powellgarrett@example.com,Cortezville,2025-01-24
277,Taylor Bartlett,nicholas28@example.org,Dennischester,2024-10-29
278,Shelly Hinton,paul90@example.org,Port Cherylside,2025-12-04
279,Timothy Bennett,jennifercarroll@example.net,Tinachester,2025-10-22
280,Carl Sullivan,danielsrobert@example.com,Lake Amanda,2026-03-03
281,Tammy Bauer,vcardenas@example.com,Port Kellychester,2024-12-20
282,Yvette King,theodorestokes@example.com,Karenton,2026-01-22
283,Jeremy White,jennifer93@example.org,Lake Amandaland,2025-09-16
284,Luke Gonzalez,nicole56@example.org,Ellisport,2026-02-12
285,Bradley Lane,hammonddarlene@example.com,Lake Cameron,2026-03-04
286,Ashley Lloyd,pattoncathy@example.net,Tommymouth,2024-12-30
287,Sara Zimmerman,michaelsmith@example.com,New Jocelyn,2025-09-06
288,Brandon Collins,carrollsarah@example.org,Lake Malloryport,2024-12-26
289,Donna Anderson,larrymorrison@example.org,Cervantesport,2025-06-02
290,Robert Phillips,rivasalex@example.net,Jefferytown,2025-02-27
291,Autumn Hughes,dustinpena@example.org,Lake Dana,2024-08-31
292,Phillip Turner,brendacordova@example.net,Johnsonberg,2025-04-10
293,Andrea Holmes,ujohnson@example.com,Hollychester,2026-01-22
294,Sarah Bell,sheilaandrews@example.org,Tracyfort,2025-11-24
295,David Ball,wwalker@example.com,South Stephenmouth,2025-10-07
296,Laura Snow,upotts@example.net,Elizabethside,2026-04-28
297,Shawn Davis,aguilarfrank@example.org,East Timothyport,2024-08-06
298,Mr. Eddie Jones DDS,elizabeththompson@example.net,Williammouth,2024-08-15
299,Christopher Everett,josephmoore@example.com,Desireemouth,2024-10-20
300,Kathy Thompson,alvarezmichael@example.net,Jonesshire,2025-11-03
301,William Strong,pmiller@example.net,Allisonton,2025-05-11
302,Corey Chapman,lewiselizabeth@example.com,Edwardsfort,2025-08-21
303,Lisa Robbins,kimberly44@example.org,Lawrencetown,2025-10-26
304,Sandra Singleton,frice@example.net,Port Samantha,2026-06-18
305,Joseph Glass,parksdeanna@example.net,Williamberg,2025-06-07
306,John Cantu,stacy12@example.org,Port Madisonbury,2026-06-09
307,David Carrillo,grobinson@example.net,East Joannamouth,2026-01-07
308,Mrs. Audrey Holmes PhD,brittneygarcia@example.net,West Lisaton,2025-02-03
309,Ian Erickson DDS,erikwall@example.com,Meganchester,2026-05-20
310,Julian Cruz,nataliegomez@example.com,Martinport,2026-03-28
311,Philip Lewis,wknight@example.net,Lake Michelle,2025-11-25
312,Ronald Sharp,dweiss@example.org,Port Gary,2025-08-15
313,Kimberly Romero,johnsonjillian@example.org,Lake Amanda,2025-12-02
314,Jeff Johnson,vbrown@example.net,Port Jennifer,2025-06-07
315,William Powell,stanley46@example.org,New Williamshire,2024-08-13
316,Cynthia Oliver,lauren72@example.net,Jenniferchester,2025-12-28
317,Scott Richardson,stephanie25@example.net,Adamschester,2024-11-27
318,Martin Perez,torresnicole@example.net,Port Tamara,2024-11-07
319,Tonya Smith,schristian@example.net,Fleminghaven,2025-11-27
320,John Moore,eric26@example.org,North Robertborough,2024-11-28
321,Andrew Jones,ksullivan@example.org,Benjaminport,2025-08-06
322,Michelle Garcia,ihernandez@example.org,Lake Melissaville,2025-04-16
323,Jason Shaw,martinezchristopher@example.net,Heatherchester,2025-09-18
324,Albert Taylor,michaellopez@example.org,Reyesland,2025-02-17
325,Robert Sanchez,prestonwalters@example.net,Estradaside,2025-11-30
326,Joseph Allen,mezastephen@example.org,New Paulaview,2026-05-24
327,Gary Mathis,heatheribarra@example.org,East Allen,2025-12-29
328,Jonathan Burnett,mary92@example.org,New Kimberlytown,2025-04-01
329,Taylor Johnson,reynoldsjeremy@example.net,Mcdonaldstad,2024-09-17
330,Dennis Allen,jennifer52@example.net,Brianhaven,2026-04-11
331,Julie Maxwell,pamelarodriguez@example.org,West Tony,2025-12-04
332,Alyssa Mitchell,maryhahn@example.com,Lake Jacob,2025-03-03
333,Rebecca Lee,brett86@example.com,Robertsontown,2026-05-28
334,Olivia Cherry,kellykaiser@example.net,Jodiburgh,2026-06-06
335,Donna Dyer,dannycline@example.com,Paulfurt,2025-01-12
336,Adam Miller,yatesjasmine@example.net,Deniseview,2026-06-19
337,Susan Strong,williamking@example.net,Salazarstad,2025-12-29
338,Rebecca Gates,brownmichelle@example.org,Campbellfurt,2025-03-12
339,Michael Lopez,hopkinsnathan@example.com,Francisstad,2026-06-14
340,Chase Gregory,james12@example.com,South Kyle,2025-06-29
341,Barbara Alexander,levi63@example.org,West Rebecca,2025-07-09
342,Jessica Rogers,stacy89@example.org,Jeremychester,2025-04-12
343,Kevin Acevedo,bmosley@example.com,Timothyborough,2026-04-15
344,Robert Carter,reedjohn@example.org,Buckton,2025-11-25
345,Maria English,erin12@example.net,Port Aaronland,2024-11-29
346,Kimberly Fox,angela81@example.com,Danielport,2025-06-23
347,Robert Jones,bnelson@example.com,Lake Jose,2025-04-03
348,Anthony Wong,stephanie01@example.net,Derekstad,2026-03-21
349,Lacey Brown,rmunoz@example.com,Brandonside,2026-05-17
350,Joshua Adkins,margaret43@example.com,Garciaside,2025-01-18
351,Eugene Kelley,frankellis@example.com,Walkerfort,2024-12-08
352,Stephanie Mooney,bakerrodney@example.org,Thomasstad,2026-02-12
353,Christina Jackson,williamwilliams@example.org,Tammyport,2024-10-12
354,Jesse Ruiz,aaroncortez@example.com,Port Melissafort,2025-09-04
355,Jason Carey,zsmith@example.com,Shannonchester,2025-11-24
356,Veronica Olsen,whitepeter@example.org,North Stevenborough,2025-01-14
357,Joanna Chambers,thomas38@example.com,East James,2025-10-01
358,Jamie Houston,danielmoore@example.org,Port Josephchester,2024-11-02
359,Jennifer Barton,nealmallory@example.net,Sullivanchester,2025-07-22
360,Andrew Reed,wilsonrebecca@example.org,Port Devin,2025-05-04
361,Amanda Cruz,ddavis@example.com,North Heidi,2026-01-20
362,Ryan Pierce,catherinethomas@example.org,Mitchellshire,2025-08-25
363,Janet Maddox,kathleengonzalez@example.com,New Luis,2026-04-08
364,Jessica Bowen,cervantesdennis@example.com,Port Gina,2024-11-12
365,Patricia Mitchell,vmcmahon@example.org,Jesseborough,2024-12-20
366,Melanie Lopez,pamela72@example.net,Housemouth,2025-01-06
367,Mark Spence,lisa06@example.com,Jasonchester,2025-05-08
368,Tanya Williams,youngjulie@example.org,Bentleyberg,2026-05-01
369,Julia Smith,denise23@example.net,Toddbury,2024-10-06
370,Jodi Bailey,joshua55@example.net,East James,2024-08-13
371,Dr. Vanessa Moreno,whitedaniel@example.net,Kyleton,2025-03-10
372,Kimberly Moran,boylejoshua@example.com,New Jaimeton,2026-07-01
373,Mallory Porter,erin91@example.net,Lake Seth,2024-12-23
374,Taylor Obrien,webbkelsey@example.com,Alvarezport,2025-04-11
375,Brett Anderson,williamscorey@example.com,North Michele,2025-07-12
376,Kendra Daniel,christopher69@example.com,Deborahstad,2025-03-09
377,John Nunez,hbarrera@example.org,North Ashleystad,2024-09-02
378,Jennifer Andersen,juliejackson@example.com,Barkerbury,2026-06-25
379,Brent Knight,ewilliams@example.org,South Ann,2025-08-07
380,Kathy Robinson,johnsonwanda@example.net,Nathanfort,2025-10-05
381,Nancy Miller,michael66@example.com,Samanthastad,2024-10-02
382,Steven Keith,xpoole@example.org,West Kathrynview,2025-09-18
383,Amanda Leach,kevinlopez@example.org,East Robert,2026-06-22
384,Adam Thompson,ibryant@example.com,Laurenhaven,2025-12-18
385,Daniel Morris,alittle@example.net,East Christopherside,2024-12-23
386,Lisa Berry,rpark@example.org,Port Kelseyton,2025-08-30
387,Megan Howard,smithjustin@example.org,East Stephanieton,2026-02-19
388,Arthur Adams,tcohen@example.com,Meganhaven,2025-03-21
389,Jennifer Hodges,mark11@example.org,Lake Mariofurt,2025-03-04
390,Abigail Fields,jjohnson@example.org,North Jessicatown,2026-06-27
391,Peter Brown,smithtimothy@example.com,Port Amy,2025-10-04
392,Marvin Brooks,perezbrandon@example.net,Ayersborough,2026-02-11
393,Roger Schneider,qcervantes@example.net,New Shellyland,2026-01-11
394,Matthew Contreras,christopherjackson@example.com,Port Megan,2025-02-04
395,Mr. Patrick Sanchez,brandi11@example.net,Hamiltonchester,2025-09-09
396,Suzanne Howard DVM,kellyjones@example.org,New Christinaview,2026-03-19
397,Daniel Anderson,gabriela93@example.org,South Patrick,2025-11-15
398,Jeffrey Griffith,ugarner@example.org,South Katelynton,2025-10-01
399,Katrina Roberts,hmitchell@example.com,Port Michellefurt,2026-01-09
400,Briana Mccullough,nortoneric@example.com,Port Wandabury,2024-08-23
401,Larry Holt,kinglynn@example.org,Melissabury,2025-09-19
402,Paula Huffman,tranbruce@example.net,South Autumn,2025-04-28
403,Michelle Sanders,alexandra96@example.org,New Georgebury,2025-08-23
404,Nicole Lowe,sara03@example.com,Robertmouth,2024-12-18
405,Christopher Miller,qanderson@example.org,New Anthonychester,2025-09-05
406,Stephanie Silva,nicolerhodes@example.net,West William,2024-12-15
407,Brett Fernandez,michael98@example.net,Elizabethbury,2026-07-22
408,Melinda Arias,gpowers@example.org,Lake Roberttown,2024-08-09
409,David Moreno,nmendez@example.org,Ruthside,2024-11-18
410,Sally Marshall,sarah36@example.net,Desireestad,2026-06-05
411,Michael Andrews,jfloyd@example.com,Alejandrotown,2026-07-12
412,Maria Martin,iclark@example.com,Stevenmouth,2024-08-20
413,Dawn Mora,rwolfe@example.com,South Rhonda,2024-09-11
414,Charles Smith,paul91@example.com,New Amber,2024-12-28
415,Morgan Nielsen,kenneth32@example.net,Port Stephanie,2026-07-12
416,Meghan Macdonald,jillianmoore@example.net,Lake Curtis,2025-01-04
417,Patrick Jones,daniel23@example.com,Lake Evanville,2025-04-14
418,Henry Fisher,kurt54@example.net,Clementsfort,2026-04-11
419,Hannah Hall,vtorres@example.org,Joannastad,2026-06-14
420,Jaime Smith,qtaylor@example.org,Scottbury,2026-07-18
421,Kristen Rivera,dclark@example.net,Josephfurt,2025-11-21
422,Gary Gilmore,brownsusan@example.net,Dianestad,2025-09-26
423,Andrew Campbell,robertschristopher@example.com,Jimenezland,2026-04-04
424,Anna Good,gabriellegarcia@example.com,Vincentfurt,2026-01-08
425,Ricardo Martin,allenjoseph@example.com,Montgomerystad,2025-10-10
426,Kathleen Ward,watsonmegan@example.net,Dayland,2025-08-08
427,Madison Mendoza,brittany03@example.com,Johnport,2025-05-03
428,Alyssa Garcia,rcarter@example.net,Chadton,2026-01-27
429,Angel Leonard,thomascarter@example.org,South Samuel,2026-05-27
430,Caroline Griffith,brianjohnson@example.com,Brendafurt,2024-08-06
431,Kristin Hayes,brandi67@example.net,Anthonystad,2025-02-25
432,Sarah Krueger MD,plynch@example.com,New Michael,2026-07-06
433,Peter Malone PhD,austinrichard@example.org,Port Annview,2024-10-13
434,Nicole Parks,fortega@example.net,South Eileenside,2025-10-28
435,Heather Mcmahon,jonesmichael@example.net,Chadmouth,2025-11-01
436,Michael Lopez,shawn45@example.net,Mariefurt,2025-05-26
437,Steven Macdonald,alexis14@example.net,Katherineton,2025-11-29
438,Brian Lamb,ashleyortiz@example.org,North Kimberlymouth,2026-01-30
439,Anthony Flores,thomas49@example.com,Sharpmouth,2025-09-01
440,Heidi Castillo,hboyd@example.net,South Lisaborough,2024-09-01
441,Mark Greene,barry12@example.org,Donaldchester,2026-08-02
442,Charles Barnett,williamstimothy@example.net,West Randyshire,2025-07-25
443,Valerie Nguyen,travisbrown@example.org,Westmouth,2025-08-11
444,Erin Carlson,theresasmith@example.net,Reynoldsville,2025-08-18
445,Michael Scott,thurst@example.org,North Kimberly,2026-02-18
446,Anthony Dickson Jr.,orodriguez@example.org,South Larry,2024-08-14
447,Cory Williams,heatherthornton@example.com,East Veronica,2025-05-16
448,Angel Miller,joseph57@example.org,West Kimberly,2026-06-08
449,Sarah Suarez,kjohnson@example.net,Taylorhaven,2026-05-14
450,Tony Gonzales,reyesedgar@example.org,Gonzalezfurt,2026-01-30
451,Terri Jacobs,taylormichael@example.net,Hernandezfurt,2025-08-09
452,Barbara Goodman,mercedestucker@example.net,New Alicia,2024-10-04
453,Shawn Rodgers,wardroger@example.org,Simpsonside,2025-05-30
454,Mrs. Lisa Patel MD,andradejim@example.com,Port Carolton,2025-10-15
455,Jacob Howe,louis09@example.net,Lopezmouth,2026-04-28
456,Morgan Farmer,turnerhayley@example.org,Brownburgh,2025-02-03
457,Tina Watson,andersonronald@example.com,Carlborough,2024-08-13
458,Tonya Colon,gilbertwendy@example.net,Sparksshire,2025-01-31
459,Andrea Ross,josephsanchez@example.com,New Steven,2025-09-11
460,Kenneth Gonzales,hollysmith@example.com,Michelleborough,2025-01-21
461,Yvonne Williams,nathanramirez@example.net,Joelland,2025-03-20
462,Tina Fitzpatrick,aphillips@example.com,North Michael,2025-04-27
463,Matthew Moore,rose19@example.net,East Michael,2025-10-18
464,Melissa Underwood,danielsmichael@example.net,Michaelshire,2025-09-03
465,Ann Allen,cathyconway@example.com,Mckenziemouth,2025-07-12
466,Zachary Flores,nancy71@example.net,West Brian,2025-12-14
467,Kristen Gibson,moralesbrittany@example.org,Port Gabriela,2026-06-15
468,Toni Turner,burgessmike@example.com,North Julie,2024-08-18
469,Jennifer Barrera,heathwilliam@example.net,Briannahaven,2024-12-18
470,Melanie Butler,bryan49@example.com,South Kevin,2025-08-22
471,Barbara Walker,bobbytate@example.org,North Jennifer,2025-11-23
472,Larry Brooks,tim24@example.org,New Juliehaven,2025-07-03
473,Michael Tran,christopherpatterson@example.com,Larryview,2026-04-18
474,Carmen Smith,sandra04@example.net,Bowmanchester,2024-12-24
475,Michael Foster,michelle66@example.com,Freemanshire,2026-04-22
476,Megan Rios,jeannejohnson@example.net,Ramosstad,2025-10-23
477,Andrew Weber,david06@example.com,New Brandonmouth,2025-03-31
478,Anna Gray,allenwyatt@example.net,New Laurashire,2024-08-25
479,Catherine Winters,brittanyroy@example.com,West Nicolas,2025-04-03
480,Kristy Campbell,gutierrezbruce@example.org,Garnerhaven,2024-12-19
481,Kathleen Cummings,cpena@example.org,East Jayview,2026-07-08
482,Alexander Lawson,marilynmckenzie@example.net,West Sarah,2026-06-05
483,Natalie Wilson,ebeard@example.net,New Lauren,2025-02-26
484,Alexander Charles,alexanderwilkerson@example.com,East Michelle,2024-08-17
485,Michael Powell,david64@example.net,West Alicestad,2026-05-31
486,Lisa Campos,alexanderwarner@example.com,New Meganfort,2024-09-29
487,Willie Salazar,justinharper@example.org,Banksshire,2026-03-23
488,Mr. Alexander Banks,fmaynard@example.net,Samanthaborough,2025-01-07
489,Brandon Reynolds,gonzalezadam@example.net,Rollinsstad,2026-02-03
490,Katie Turner,medinadavid@example.com,Jacquelinefurt,2026-01-15
491,Rachael Cook,kristenroman@example.net,East Samanthaland,2025-10-10
492,Rachel King,hmccormick@example.net,Port Steven,2026-01-26
493,James Smith,dclark@example.org,New Jonathanview,2025-07-31
494,Kathy Jimenez,theresafisher@example.org,Valdezshire,2026-05-08
495,George Krause,william07@example.net,Michelleton,2025-01-08
496,Cody Wright,allenkristi@example.com,Jonathanhaven,2025-09-25
497,Erica Dorsey,tracy36@example.org,North Deborah,2026-06-23
498,Jennifer Cobb,derekpoole@example.org,Fostershire,2025-04-28
499,Karina Payne,michael01@example.org,Sharonfort,2025-02-05
500,Laura Zimmerman,brittany97@example.org,Lake Kayla,2025-05-14
