order_id,customer_id,order_date,status
1,98,2025-09-27,Completed
2,338,2024-11-14,Cancelled
3,217,2025-08-04,Cancelled
4,443,2025-11-28,Completed
5,335,2026-06-27,Completed
6,207,2024-10-08,Completed
7,128,2024-11-26,Completed
8,275,2025-02-17,Cancelled
9,217,2024-12-28,Completed
10,237,2025-05-19,Completed
11,227,2024-10-23,Returned
12,26,2024-11-15,Returned
13,497,2024-08-22,Completed
14,86,2025-04-06,Cancelled
15,247,2025-12-17,Completed
16,463,2025-09-21,Completed
17,195,2025-01-22,Completed
18,136,2025-09-10,Cancelled
19,217,2025-05-26,Returned
20,368,2026-06-15,Cancelled
21,9999,2025-01-12,Completed
22,496,2025-03-17,Completed
23,377,2026-03-23,Returned
24,383,2024-10-08,Completed
25,26,2024-10-04,Returned
26,258,2025-12-08,Returned
27,30,2025-01-15,Returned
28,436,2024-10-28,Completed
29,305,2024-10-16,Completed
30,442,2026-06-29,Completed
31,62,2025-09-24,Returned
32,297,2025-04-16,Returned
33,318,2024-09-16,Completed
34,337,2025-10-10,Returned
35,268,2026-03-08,Completed
36,105,2025-05-01,Completed
37,136,2025-04-08,Cancelled
38,344,2024-12-19,Completed
39,162,2025-11-18,Completed
40,235,2024-08-16,Returned
41,52,2026-03-06,Completed
42,110,2026-02-08,Returned
43,68,2025-05-05,Completed
44,451,2024-10-16,Completed
45,146,2025-08-20,Completed
46,427,2025-10-29,Returned
47,155,2026-07-28,Returned
48,271,2026-06-07,Completed
49,419,2026-06-21,Returned
50,478,2025-06-09,Completed
51,136,2024-12-22,Completed
52,381,2024-11-24,Returned
53,140,2025-01-13,Completed
54,108,2026-04-18,Completed
55,352,2025-03-03,Completed
56,251,2026-01-06,Completed
57,48,2024-09-28,Cancelled
58,23,2025-05-17,Completed
59,395,2025-07-14,Completed
60,135,2026-05-21,Completed
61,283,2025-11-02,Cancelled
62,5,2026-03-04,Completed
63,484,2024-10-23,Completed
64,19,2026-02-16,Completed
65,283,2026-03-26,Completed
66,66,2025-10-21,Completed
67,187,2025-06-18,Completed
68,108,2025-08-08,Completed
69,53,2026-06-20,Completed
70,453,2026-03-03,Cancelled
71,384,2026-05-04,Completed
72,443,2025-04-06,Completed
73,452,2025-02-04,Cancelled
74,92,2024-09-01,Completed
75,411,2025-10-02,Completed
76,82,2025-05-07,Completed
77,447,2025-09-02,Completed
78,114,2025-12-01,Completed
79,180,2025-11-21,Completed
80,115,2025-03-28,Completed
81,99,2026-06-13,Cancelled
82,143,2025-07-09,Completed
83,180,2025-05-19,Returned
84,348,2025-09-20,Returned
85,481,2025-07-12,Completed
86,450,2024-12-03,Completed
87,298,2025-02-05,Completed
88,56,2024-09-15,Returned
89,177,2025-10-25,Completed
90,311,2025-10-27,Returned
91,198,2024-12-03,Returned
92,131,2025-02-17,Completed
93,224,2026-08-02,Completed
94,474,2026-01-21,Returned
95,369,2026-07-11,Completed
96,221,2025-08-14,Completed
97,472,2026-06-18,Completed
98,161,2026-05-07,Completed
99,260,2025-06-10,Completed
100,210,2026-06-20,Completed
101,357,2025-09-23,Completed
102,66,2026-02-25,Completed
103,341,2025-10-11,Cancelled
104,384,2026-07-01,Completed
105,292,2026-04-29,Completed
106,281,2025-09-26,Completed
107,147,2025-06-14,Completed
108,403,2025-10-21,Returned
109,336,2026-04-20,Completed
110,227,2025-11-26,Cancelled
111,110,2026-06-29,Returned
112,407,2025-12-04,Completed
113,44,2026-06-12,Completed
114,340,2026-01-16,Returned
115,48,2025-07-16,Completed
116,159,2026-06-26,Completed
117,76,2025-02-26,Completed
118,126,2024-09-23,Cancelled
119,436,2026-04-24,Completed
120,213,2025-11-16,Returned
121,368,2025-02-22,Cancelled
122,205,2025-12-26,Completed
123,336,2025-01-05,Completed
124,399,2024-11-24,Cancelled
125,91,2025-03-19,Returned
126,26,2025-11-25,Returned
127,470,2025-04-19,Completed
128,69,2025-11-17,Cancelled
129,272,2026-06-21,Returned
130,163,2026-04-08,Cancelled
131,418,2026-04-26,Returned
132,426,2025-10-17,Returned
133,460,2025-11-06,Completed
134,231,2025-12-06,Completed
135,431,2025-04-17,Completed
136,249,2026-01-22,Completed
137,226,2025-05-15,Completed
138,121,2025-05-26,Completed
139,164,2025-07-16,Returned
140,71,2024-10-28,Completed
141,197,2025-03-31,Completed
142,110,2026-07-31,Completed
143,209,2025-10-05,Completed
144,239,2026-02-13,Cancelled
145,106,2024-10-09,Cancelled
146,464,2025-09-09,Returned
147,11,2026-07-20,Returned
148,245,2025-08-31,Completed
149,153,2025-08-02,Cancelled
150,276,2025-10-10,Returned
151,460,2026-04-16,Completed
152,113,2025-12-19,Completed
153,249,2025-10-27,Completed
154,173,2025-09-09,Cancelled
155,431,2025-01-23,Cancelled
156,319,2024-12-15,Returned
157,465,2024-09-03,Cancelled
158,289,2026-04-05,Completed
159,330,2024-10-31,Cancelled
160,444,2024-12-23,Cancelled
161,26,2025-02-09,Completed
162,168,2025-08-30,Completed
163,168,2025-11-15,Completed
164,143,2025-08-30,Cancelled
165,428,2025-04-22,Completed
166,10,2025-12-01,Returned
167,488,2024-09-29,Completed
168,333,2025-03-24,Completed
169,21,2026-06-05,Completed
170,103,2025-04-17,Completed
171,79,2026-05-05,Completed
172,243,2024-12-14,Completed
173,486,2026-03-07,Completed
174,359,2025-11-26,Completed
175,86,2025-08-19,Returned
176,494,2026-04-20,Completed
177,494,2025-01-21,Completed
178,297,2024-11-25,Completed
179,295,2025-06-22,Cancelled
180,483,2025-09-17,Completed
181,304,2024-10-23,Completed
182,357,2024-11-19,Completed
183,308,2026-07-08,Completed
184,401,2026-03-09,Completed
185,273,2025-07-28,Cancelled
186,190,2026-06-15,Completed
187,332,2026-01-07,Completed
188,435,2024-08-19,Cancelled
189,55,2025-12-21,Cancelled
190,326,2025-08-12,Cancelled
191,79,2026-08-01,Cancelled
192,376,2025-02-03,Returned
193,139,2026-06-04,Returned
194,397,2026-02-09,Cancelled
195,224,2025-11-26,Returned
196,166,2025-05-08,Completed
197,143,2024-11-03,Cancelled
198,385,2025-04-13,Cancelled
199,313,2026-03-13,Cancelled
200,15,2025-07-17,Cancelled
201,94,2025-07-05,Cancelled
202,182,2025-03-12,Completed
203,144,2025-07-21,Returned
204,451,2026-07-26,Completed
205,6,2026-02-27,Returned
206,44,2025-02-18,Completed
207,251,2025-09-27,Returned
208,354,2025-04-10,Cancelled
209,365,2026-05-30,Cancelled
210,406,2025-11-08,Completed
211,151,2024-11-10,Completed
212,355,2025-09-25,Completed
213,340,2025-06-16,Returned
214,243,2025-08-19,Returned
215,177,2026-02-01,Cancelled
216,170,2026-02-21,Completed
217,233,2026-07-27,Completed
218,129,2025-06-16,Completed
219,370,2024-12-08,Completed
220,62,2025-06-26,Returned
221,95,2026-07-14,Completed
222,379,2025-03-16,Cancelled
223,371,2025-05-17,Returned
224,306,2026-01-26,Completed
225,427,2024-11-17,Completed
226,117,2025-06-06,Completed
227,155,2025-02-06,Completed
228,274,2026-08-02,Completed
229,24,2025-05-14,Completed
230,150,2026-02-24,Completed
231,445,2026-05-22,Cancelled
232,447,2024-11-20,Completed
233,146,2026-03-17,Cancelled
234,226,2025-12-10,Completed
235,495,2025-02-11,Completed
236,482,2025-04-22,Cancelled
237,421,2024-12-01,Completed
238,252,2025-09-21,Completed
239,323,2026-03-20,Completed
240,77,2025-01-09,Returned
241,44,2025-06-14,Completed
242,286,2024-12-06,Cancelled
243,306,2026-04-19,Returned
244,398,2025-03-26,Returned
245,231,2025-08-31,Cancelled
246,441,2025-06-07,Returned
247,157,2025-10-20,Returned
248,31,2026-05-04,Returned
249,486,2024-11-16,Completed
250,109,2026-05-09,Completed
251,42,2026-06-14,Completed
252,89,2025-04-09,Returned
253,81,2024-10-22,Completed
254,231,2025-09-29,Returned
255,150,2025-12-01,Completed
256,148,2025-04-01,Completed
257,441,2026-07-27,Cancelled
258,352,2024-10-18,Completed
259,404,2025-05-04,Returned
260,412,2026-06-15,Completed
261,59,2025-10-16,Returned
262,332,2025-03-25,Completed
263,424,2025-05-06,Completed
264,31,2024-10-19,Completed
265,305,2025-06-17,Returned
266,225,2025-05-29,Completed
267,353,2025-11-29,Completed
268,207,2026-07-24,Completed
269,277,2026-01-01,Cancelled
270,42,2025-10-29,Returned
271,456,2024-09-16,Cancelled
272,310,2025-07-03,Completed
273,47,2024-09-02,Completed
274,429,2026-06-28,Returned
275,487,2026-03-31,Completed
276,421,2026-06-26,Completed
277,21,2026-03-20,Completed
278,266,2025-12-01,Cancelled
279,93,2025-05-18,Returned
280,326,2025-10-27,Cancelled
281,241,2024-11-08,Completed
282,171,2025-09-29,Completed
283,54,2026-06-24,Completed
284,211,2025-07-10,Cancelled
285,340,2025-05-29,Cancelled
286,19,2026-02-21,Cancelled
287,162,2024-11-05,Completed
288,60,2025-07-04,Cancelled
289,423,2026-01-15,Completed
290,446,2026-06-11,Returned
291,212,2025-11-23,Completed
292,266,2025-02-15,Completed
293,388,2026-05-06,Cancelled
294,227,2026-05-09,Completed
295,137,2025-03-03,Returned
296,475,2024-12-19,Completed
297,451,2025-10-29,Cancelled
298,15,2024-12-09,Returned
299,364,2025-04-09,Completed
300,283,2025-06-21,Completed
301,209,2026-02-23,Completed
302,431,2025-03-25,Completed
303,485,2025-11-22,Completed
304,427,2026-06-01,Completed
305,478,2025-12-30,Completed
306,362,2026-01-10,Completed
307,428,2025-10-06,Cancelled
308,125,2025-12-03,Cancelled
309,75,2026-02-22,Cancelled
310,472,2025-02-18,Returned
311,383,2026-01-09,Completed
312,142,2024-10-17,Cancelled
313,479,2025-07-21,Returned
314,421,2025-05-07,Completed
315,372,2025-05-23,Completed
316,297,2026-03-31,Cancelled
317,229,2025-01-06,Returned
318,177,2025-12-15,Completed
319,391,2026-02-23,Returned
320,234,2025-08-28,Completed
321,358,2025-02-16,Completed
322,197,2026-03-15,Completed
323,23,2025-10-01,Completed
324,362,2025-12-04,Cancelled
325,340,2025-09-06,Completed
326,494,2025-12-27,Completed
327,258,2024-12-14,Returned
328,446,2025-07-12,Completed
329,52,2025-10-31,Returned
330,8,2025-11-17,Completed
331,446,2025-09-30,Completed
332,241,2024-10-22,Completed
333,320,2025-07-19,Cancelled
334,42,2026-06-03,Completed
335,440,2026-06-28,Returned
336,489,2025-08-31,Completed
337,368,2026-05-10,Cancelled
338,19,2026-02-12,Returned
339,121,2024-10-16,Completed
340,383,2025-03-27,Completed
341,51,2025-10-25,Completed
342,86,2025-11-04,Completed
343,24,2024-09-05,Completed
344,151,2024-10-03,Completed
345,221,2025-08-25,Completed
346,272,2025-04-14,Cancelled
347,350,2026-03-09,Completed
348,90,2025-01-28,Completed
349,446,2026-04-23,Cancelled
350,350,2026-05-03,Completed
351,468,2025-12-29,Returned
352,119,2024-12-31,Cancelled
353,131,2026-05-22,Cancelled
354,342,2025-04-25,Completed
355,462,2025-11-26,Completed
356,280,2026-07-01,Completed
357,227,2024-10-21,Completed
358,154,2026-03-31,Cancelled
359,129,2026-07-14,Cancelled
360,102,2025-06-12,Cancelled
361,55,2025-12-14,Completed
362,293,2025-09-01,Completed
363,152,2026-03-18,Completed
364,425,2024-08-29,Cancelled
365,5,2025-05-15,Returned
366,399,2026-07-10,Completed
367,382,2026-04-19,Cancelled
368,398,2025-05-27,Completed
369,411,2026-04-20,Completed
370,326,2025-03-19,Completed
371,129,2026-05-04,Completed
372,50,2026-05-12,Completed
373,404,2025-06-19,Cancelled
374,297,2024-09-10,Completed
375,47,2024-12-19,Completed
376,383,2025-07-07,Cancelled
377,103,2025-02-02,Completed
378,449,2026-02-10,Completed
379,257,2026-02-01,Completed
380,132,2025-01-22,Cancelled
381,383,2025-06-05,Completed
382,240,2024-12-02,Completed
383,387,2024-12-29,Completed
384,371,2026-06-30,Cancelled
385,188,2026-02-28,Completed
386,8,2025-09-15,Completed
387,64,2026-02-07,Cancelled
388,345,2025-08-19,Completed
389,196,2026-03-28,Completed
390,346,2024-11-25,Completed
391,13,2025-12-02,Returned
392,168,2026-03-04,Returned
393,332,2025-03-21,Completed
394,422,2026-05-19,Cancelled
395,155,2026-07-25,Cancelled
396,72,2024-12-04,Completed
397,156,2024-09-14,Cancelled
398,50,2024-12-03,Completed
399,70,2026-02-08,Cancelled
400,190,2025-11-14,Returned
401,301,2025-10-10,Completed
402,336,2025-10-05,Completed
403,316,2025-12-21,Cancelled
404,17,2025-05-20,Completed
405,228,2025-03-17,Cancelled
406,438,2025-04-05,Completed
407,352,2024-11-16,Completed
408,462,2026-02-15,Completed
409,204,2024-10-08,Completed
410,496,2025-02-17,Completed
411,47,2025-11-15,Completed
412,328,2026-05-26,Returned
413,26,2024-08-28,Completed
414,65,2025-04-13,Returned
415,36,2025-03-05,Returned
416,301,2025-03-07,Completed
417,169,2025-04-02,Completed
418,2,2026-04-09,Completed
419,67,2025-01-02,Returned
420,409,2025-04-20,Completed
421,339,2024-11-27,Completed
422,8,2024-12-19,Completed
423,302,2025-04-07,Completed
424,90,2024-08-23,Completed
425,65,2024-09-29,Cancelled
426,59,2026-01-27,Completed
427,230,2025-12-07,Completed
428,304,2026-01-14,Completed
429,258,2025-11-12,Completed
430,23,2026-04-28,Returned
431,235,2025-06-11,Completed
432,246,2024-10-08,Cancelled
433,352,2025-10-17,Completed
434,365,2025-12-22,Cancelled
435,461,2024-10-21,Completed
436,312,2025-07-02,Completed
437,65,2024-10-13,Completed
438,325,2026-05-08,Returned
439,365,2026-02-19,Completed
440,306,2025-09-01,Returned
441,233,2025-06-04,Returned
442,221,2026-04-18,Completed
443,59,2026-07-26,Returned
444,221,2025-03-15,Cancelled
445,212,2025-03-28,Completed
446,205,2025-11-14,Cancelled
447,161,2024-11-12,Cancelled
448,341,2025-06-23,Completed
449,489,2025-08-25,Completed
450,473,2026-07-11,Cancelled
451,47,2024-10-14,Completed
452,222,2024-11-10,Completed
453,416,2025-08-23,Completed
454,31,2026-02-27,Returned
455,288,2026-03-05,Completed
456,63,2026-06-24,Cancelled
457,448,2025-08-04,Cancelled
458,496,2024-09-28,Completed
459,160,2026-04-13,Completed
460,296,2024-11-21,Returned
461,80,2025-03-12,Cancelled
462,434,2025-03-24,Completed
463,433,2025-07-31,Returned
464,59,2025-08-18,Completed
465,116,2026-03-17,Cancelled
466,499,2026-03-04,Returned
467,346,2026-04-27,Returned
468,312,2024-09-02,Completed
469,93,2024-09-05,Completed
470,391,2026-07-27,Completed
471,180,2025-07-20,Completed
472,446,2025-02-08,Completed
473,337,2026-03-09,Cancelled
474,73,2024-10-17,Completed
475,383,2024-11-08,Returned
476,193,2025-03-15,Cancelled
477,175,2025-11-14,Completed
478,160,2025-08-20,Completed
479,306,2026-03-11,Completed
480,80,2024-09-29,Completed
481,26,2026-05-01,Completed
482,227,2025-05-12,Cancelled
483,311,2025-12-17,Cancelled
484,140,2025-10-05,Completed
485,59,2026-01-13,Completed
486,57,2025-10-21,Completed
487,348,2026-07-02,Returned
488,270,2025-12-18,Completed
489,113,2024-09-22,Cancelled
490,29,2026-04-12,Completed
491,155,2025-03-04,Completed
492,392,2024-12-25,Completed
493,168,2025-05-30,Completed
494,255,2024-08-14,Cancelled
495,67,2025-02-02,Cancelled
496,361,2026-02-03,Completed
497,287,2026-01-01,Completed
498,204,2024-10-19,Completed
499,10,2025-10-27,Cancelled
500,442,2024-10-25,Completed
501,220,2026-03-19,Returned
502,364,2025-09-25,Cancelled
503,59,2025-05-30,Cancelled
504,495,2024-08-28,Completed
505,411,2025-01-29,Returned
506,426,2025-11-21,Completed
507,224,2024-11-05,Completed
508,224,2025-04-13,Returned
509,269,2025-09-21,Completed
510,446,2025-09-16,Completed
511,114,2025-07-20,Completed
512,40,2025-01-26,Returned
513,59,2026-05-17,Returned
514,100,2026-01-11,Completed
515,373,2025-08-01,Completed
516,53,2025-04-05,Completed
517,102,2025-04-26,Completed
518,79,2026-04-15,Completed
519,488,2025-02-04,Cancelled
520,387,2025-11-25,Returned
521,230,2026-03-23,Returned
522,326,2026-05-27,Returned
523,443,2025-07-03,Completed
524,226,2025-01-08,Completed
525,227,2025-11-30,Completed
526,303,2025-05-15,Completed
527,260,2025-08-02,Completed
528,237,2025-06-20,Cancelled
529,30,2024-09-14,Completed
530,40,2025-05-27,Completed
531,305,2026-04-28,Returned
532,237,2025-09-04,Returned
533,489,2026-02-25,Completed
534,466,2025-11-10,Returned
535,97,2026-06-05,Completed
536,244,2026-04-18,Returned
537,491,2025-01-08,Completed
538,53,2025-11-11,Completed
539,259,2024-11-01,Completed
540,127,2024-09-16,Cancelled
541,269,2025-10-30,Returned
542,82,2026-04-23,Completed
543,470,2025-08-23,Completed
544,210,2025-09-07,Completed
545,307,2026-07-03,Completed
546,332,2026-05-15,Completed
547,169,2024-10-13,Completed
548,348,2026-03-01,Cancelled
549,130,2025-05-24,Returned
550,171,2025-01-07,Completed
551,340,2026-03-26,Completed
552,159,2025-07-31,Cancelled
553,305,2024-12-17,Completed
554,287,2025-06-20,Cancelled
555,406,2026-05-27,Completed
556,344,2024-12-15,Returned
557,331,2024-11-10,Cancelled
558,186,2026-01-09,Completed
559,159,2025-08-13,Completed
560,175,2025-03-14,Cancelled
561,116,2025-02-19,Completed
562,40,2025-01-12,Completed
563,260,2024-11-18,Returned
564,20,2026-01-28,Completed
565,68,2026-05-01,Returned
566,79,2025-08-27,Completed
567,426,2025-02-08,Returned
568,370,2025-01-23,Cancelled
569,211,2024-09-20,Completed
570,369,2026-06-30,Completed
571,313,2025-11-04,Completed
572,120,2025-11-09,Returned
573,159,2025-04-08,Cancelled
574,189,2025-02-21,Returned
575,237,2025-11-01,Completed
576,258,2025-09-02,Returned
577,495,2025-10-09,Completed
578,411,2025-02-27,Returned
579,447,2024-12-26,Completed
580,329,2024-09-29,Cancelled
581,284,2025-08-22,Completed
582,434,2026-08-05,Returned
583,146,2024-12-12,Completed
584,140,2025-01-18,Cancelled
585,76,2026-01-14,Cancelled
586,485,2024-11-08,Completed
587,453,2025-11-11,Completed
588,213,2024-09-03,Completed
589,258,2025-09-16,Completed
590,198,2025-04-05,Completed
591,115,2025-08-25,Completed
592,477,2025-06-29,Completed
593,172,2026-06-03,Completed
594,20,2024-12-25,Completed
595,357,2025-12-03,Completed
596,241,2026-07-30,Cancelled
597,3,2026-04-29,Completed
598,132,2024-08-26,Completed
599,281,2025-01-07,Returned
600,217,2026-01-29,Completed
601,122,2025-05-29,Completed
602,25,2024-12-09,Completed
603,328,2025-10-10,Returned
604,33,2025-11-18,Completed
605,306,2025-12-31,Returned
606,324,2024-08-23,Returned
607,124,2026-03-18,Completed
608,220,2025-06-01,Completed
609,181,2026-04-28,Completed
610,214,2026-03-14,Completed
611,343,2026-06-18,Completed
612,500,2026-01-25,Completed
613,489,2024-10-15,Returned
614,260,2026-02-15,Returned
615,11,2026-02-25,Cancelled
616,23,2025-12-01,Cancelled
617,130,2025-08-24,Completed
618,404,2025-08-07,Completed
619,124,2025-07-26,Completed
620,377,2026-03-25,Completed
621,23,2024-12-21,Completed
622,174,2026-02-17,Completed
623,238,2026-07-09,Cancelled
624,94,2026-05-15,Completed
625,367,2024-10-10,Cancelled
626,151,2024-09-13,Completed
627,406,2024-09-20,Completed
628,162,2024-09-18,Completed
629,204,2026-01-16,Returned
630,130,2025-12-04,Completed
631,98,2026-05-31,Completed
632,442,2025-08-07,Completed
633,170,2026-06-09,Completed
634,410,2024-12-12,Completed
635,456,2025-10-28,Cancelled
636,459,2025-10-31,Cancelled
637,499,2025-07-20,Completed
638,355,2025-12-28,Cancelled
639,474,2025-08-18,Returned
640,411,2025-05-07,Completed
641,41,2025-10-15,Cancelled
642,422,2026-04-15,Completed
643,151,2026-02-16,Completed
644,41,2024-11-20,Completed
645,152,2026-06-14,Completed
646,309,2025-11-06,Cancelled
647,354,2025-01-24,Cancelled
648,229,2025-08-01,Completed
649,315,2025-08-03,Cancelled
650,328,2025-05-15,Completed
651,344,2024-10-22,Cancelled
652,263,2025-08-14,Completed
653,74,2024-09-07,Returned
654,401,2026-07-02,Cancelled
655,65,2024-09-11,Completed
656,399,2025-04-05,Completed
657,197,2025-08-12,Returned
658,310,2024-09-09,Completed
659,231,2026-07-03,Completed
660,228,2025-08-22,Completed
661,71,2026-03-17,Returned
662,204,2025-08-17,Completed
663,143,2026-06-03,Completed
664,14,2024-12-01,Completed
665,266,2025-12-31,Cancelled
666,61,2026-03-05,Completed
667,361,2025-04-30,Cancelled
668,314,2025-03-14,Completed
669,470,2026-07-18,Cancelled
670,63,2025-02-27,Completed
671,232,2024-10-21,Completed
672,45,2025-11-05,Completed
673,178,2026-06-21,Completed
674,278,2026-02-21,Completed
675,436,2025-06-10,Completed
676,364,2026-08-05,Completed
677,261,2025-08-12,Completed
678,103,2024-12-09,Completed
679,405,2025-04-06,Cancelled
680,185,2024-09-02,Returned
681,189,2026-03-16,Cancelled
682,67,2026-02-22,Returned
683,34,2024-11-03,Completed
684,368,2025-09-18,Cancelled
685,211,2026-01-27,Cancelled
686,38,2026-03-18,Completed
687,329,2025-06-27,Completed
688,239,2025-11-10,Returned
689,66,2025-07-25,Returned
690,301,2026-05-24,Completed
691,222,2024-12-17,Returned
692,426,2024-10-02,Completed
693,79,2026-01-19,Completed
694,83,2025-01-22,Completed
695,116,2026-08-03,Completed
696,459,2026-01-20,Completed
697,129,2024-10-26,Completed
698,490,2026-05-19,Returned
699,65,2025-05-15,Completed
700,274,2026-04-28,Completed
701,329,2026-01-03,Completed
702,483,2026-04-05,Returned
703,88,2025-01-11,Returned
704,173,2026-04-18,Returned
705,423,2024-09-18,Completed
706,24,2024-10-29,Returned
707,334,2025-05-05,Completed
708,214,2026-03-15,Returned
709,16,2026-05-23,Cancelled
710,280,2026-05-11,Completed
711,490,2026-05-26,Completed
712,126,2025-12-14,Cancelled
713,233,2025-06-07,Completed
714,31,2026-07-13,Completed
715,213,2025-10-31,Cancelled
716,105,2025-11-25,Completed
717,74,2026-04-20,Completed
718,376,2025-06-29,Completed
719,67,2025-09-19,Completed
720,288,2026-01-16,Completed
721,124,2025-06-29,Cancelled
722,137,2024-12-10,Cancelled
723,73,2025-04-17,Completed
724,149,2024-09-27,Cancelled
725,215,2026-04-29,Completed
726,417,2025-01-17,Completed
727,370,2026-03-21,Completed
728,391,2025-02-17,Completed
729,264,2025-12-30,Cancelled
730,451,2025-12-30,Completed
731,12,2025-12-29,Completed
732,259,2025-09-13,Cancelled
733,111,2025-04-10,Returned
734,25,2025-08-03,Completed
735,254,2025-05-22,Returned
736,345,2026-06-07,Cancelled
737,275,2025-05-26,Completed
738,221,2024-11-25,Completed
739,373,2025-05-04,Completed
740,188,2025-09-23,Completed
741,27,2025-09-21,Returned
742,100,2026-03-05,Completed
743,148,2026-02-24,Completed
744,259,2025-09-06,Cancelled
745,144,2026-02-21,Returned
746,313,2026-07-04,Completed
747,500,2024-12-16,Completed
748,192,2025-09-14,Completed
749,481,2026-03-01,Completed
750,102,2025-01-01,Returned
751,206,2026-01-10,Returned
752,24,2024-09-17,Completed
753,366,2024-12-25,Completed
754,266,2025-12-05,Cancelled
755,311,2025-01-06,Returned
756,168,2024-12-28,Returned
757,84,2025-06-29,Cancelled
758,379,2026-04-30,Completed
759,173,2026-04-06,Returned
760,273,2026-01-10,Cancelled
761,289,2026-08-02,Completed
762,418,2025-12-06,Completed
763,170,2025-08-19,Completed
764,299,2025-10-07,Completed
765,323,2026-07-12,Completed
766,243,2026-04-10,Completed
767,401,2026-06-09,Returned
768,117,2026-03-21,Completed
769,246,2026-03-27,Completed
770,323,2026-01-25,Returned
771,76,2025-08-31,Completed
772,294,2024-09-08,Completed
773,10,2025-02-18,Cancelled
774,215,2025-06-24,Completed
775,354,2025-10-03,Completed
776,257,2025-10-01,Returned
777,447,2025-12-02,Completed
778,71,2026-07-30,Returned
779,288,2025-03-07,Completed
780,245,2026-06-16,Returned
781,161,2025-08-27,Completed
782,468,2025-11-20,Returned
783,280,2025-07-23,Completed
784,396,2026-06-30,Completed
785,248,2026-04-23,Completed
786,143,2025-04-16,Returned
787,116,2025-06-08,Completed
788,361,2025-05-29,Completed
789,361,2026-07-14,Cancelled
790,246,2025-06-27,Completed
791,479,2026-03-03,Completed
792,63,2025-05-28,Returned
793,279,2026-06-30,Cancelled
794,420,2025-09-15,Completed
795,149,2025-01-03,Completed
796,490,2025-05-28,Completed
797,474,2025-07-27,Cancelled
798,132,2026-06-09,Cancelled
799,104,2025-03-14,Returned
800,478,2025-05-11,Returned
801,140,2026-07-20,Completed
802,316,2024-11-26,Returned
803,125,2025-04-09,Completed
804,464,2026-06-23,Returned
805,327,2025-03-26,Completed
806,52,2024-09-29,Cancelled
807,368,2025-07-11,Cancelled
808,349,2024-11-17,Completed
809,494,2024-08-12,Returned
810,209,2025-01-15,Cancelled
811,334,2025-12-08,Completed
812,165,2025-05-28,Completed
813,31,2026-05-30,Completed
814,294,2026-06-05,Completed
815,379,2026-02-05,Completed
816,214,2025-02-02,Completed
817,429,2024-09-13,Cancelled
818,96,2025-12-27,Completed
819,5,2024-09-14,Completed
820,309,2026-03-11,Completed
821,146,2025-07-16,Cancelled
822,279,2026-05-25,Returned
823,456,2025-12-25,Completed
824,240,2026-01-05,Completed
825,415,2025-02-20,Completed
826,84,2025-07-11,Cancelled
827,132,2026-06-01,Completed
828,378,2024-08-21,Completed
829,291,2025-06-05,Completed
830,313,2025-02-02,Cancelled
831,264,2025-10-18,Completed
832,206,2024-11-03,Completed
833,72,2025-02-12,Cancelled
834,480,2025-07-04,Completed
835,134,2024-08-13,Cancelled
836,229,2025-04-05,Completed
837,155,2025-07-10,Returned
838,6,2026-03-16,Completed
839,185,2026-06-07,Completed
840,342,2024-10-09,Completed
841,158,2025-11-26,Completed
842,352,2025-09-26,Returned
843,395,2026-07-28,Completed
844,61,2026-07-14,Completed
845,315,2025-08-18,Completed
846,491,2025-03-19,Completed
847,79,2025-12-09,Cancelled
848,192,2026-04-19,Cancelled
849,282,2026-07-26,Cancelled
850,411,2026-02-08,Completed
851,349,2025-04-17,Returned
852,270,2024-10-29,Cancelled
853,361,2026-01-29,Completed
854,470,2024-10-25,Returned
855,32,2024-11-29,Returned
856,104,2026-01-06,Returned
857,77,2026-02-07,Completed
858,438,2025-07-08,Returned
859,60,2025-11-02,Completed
860,251,2026-03-27,Completed
861,229,2026-01-11,Completed
862,68,2025-11-14,Returned
863,234,2025-10-06,Returned
864,287,2024-10-05,Cancelled
865,414,2026-06-26,Completed
866,203,2024-08-29,Completed
867,382,2024-08-10,Completed
868,38,2026-03-22,Completed
869,177,2025-10-14,Completed
870,31,2026-02-12,Completed
871,17,2025-12-03,Completed
872,93,2025-09-29,Completed
873,374,2026-05-25,Cancelled
874,457,2025-08-25,Cancelled
875,446,2025-11-09,Cancelled
876,42,2025-08-26,Returned
877,335,2024-12-21,Completed
878,92,2024-12-06,Returned
879,271,2025-09-13,Completed
880,428,2025-03-23,Completed
881,153,2024-08-30,Cancelled
882,369,2026-06-27,Returned
883,273,2025-10-15,Cancelled
884,127,2025-03-30,Cancelled
885,80,2025-07-27,Completed
886,480,2025-02-16,Completed
887,415,2024-09-08,Cancelled
888,393,2026-04-28,Completed
889,106,2025-04-10,Completed
890,305,2024-11-18,Completed
891,307,2025-11-07,Completed
892,380,2025-04-14,Completed
893,225,2025-09-22,Completed
894,112,2026-02-10,Completed
895,258,2024-12-28,Completed
896,418,2025-04-03,Returned
897,296,2025-06-29,Returned
898,420,2026-06-26,Completed
899,155,2025-04-06,Completed
900,267,2026-06-14,Completed
901,154,2025-10-04,Completed
902,286,2024-10-08,Returned
903,321,2025-02-02,Cancelled
904,254,2026-02-27,Completed
905,483,2025-07-25,Cancelled
906,164,2026-01-26,Cancelled
907,77,2025-09-29,Completed
908,95,2025-08-27,Returned
909,124,2025-12-04,Completed
910,440,2025-06-10,Completed
911,469,2025-11-24,Completed
912,212,2026-03-05,Cancelled
913,272,2026-02-28,Completed
914,125,2025-09-08,Completed
915,170,2025-03-03,Completed
916,434,2025-11-10,Completed
917,275,2024-11-09,Completed
918,138,2024-09-28,Cancelled
919,310,2026-06-27,Returned
920,448,2024-09-16,Completed
921,412,2025-02-15,Returned
922,287,2026-06-25,Completed
923,107,2025-12-10,Completed
924,490,2025-06-13,Completed
925,480,2025-03-11,Completed
926,383,2024-12-05,Cancelled
927,357,2025-04-12,Returned
928,105,2026-07-28,Cancelled
929,283,2025-04-09,Completed
930,195,2025-05-23,Cancelled
931,333,2026-02-04,Completed
932,134,2025-06-18,Completed
933,452,2026-01-14,Cancelled
934,51,2025-11-27,Cancelled
935,469,2025-06-30,Completed
936,161,2025-08-21,Cancelled
937,289,2024-09-22,Completed
938,9,2025-01-03,Completed
939,479,2026-02-24,Returned
940,369,2026-03-23,Cancelled
941,79,2025-06-05,Completed
942,118,2025-07-10,Cancelled
943,427,2026-03-13,Completed
944,282,2025-12-31,Completed
945,391,2025-04-27,Cancelled
946,379,2026-05-26,Cancelled
947,87,2025-11-21,Completed
948,72,2025-01-27,Returned
949,95,2025-12-20,Returned
950,491,2026-05-26,Completed
951,18,2026-01-25,Completed
952,25,2026-06-22,Completed
953,71,2025-10-03,Completed
954,363,2024-10-15,Completed
955,112,2024-08-16,Returned
956,192,2025-11-16,Completed
957,327,2026-05-01,Returned
958,338,2025-12-14,Cancelled
959,4,2024-08-23,Returned
960,211,2026-02-22,Completed
961,272,2024-08-24,Completed
962,147,2026-02-06,Completed
963,417,2026-01-03,Cancelled
964,55,2025-02-06,Completed
965,77,2026-01-25,Completed
966,318,2025-02-19,Returned
967,418,2025-04-22,Completed
968,408,2025-05-07,Cancelled
969,192,2024-10-26,Cancelled
970,290,2025-11-20,Completed
971,116,2026-07-21,Completed
972,424,2026-07-08,Completed
973,440,2026-06-07,Completed
974,208,2024-11-10,Cancelled
975,283,2025-08-28,Cancelled
976,327,2024-10-03,Completed
977,88,2026-07-27,Completed
978,433,2025-12-31,Cancelled
979,402,2026-05-29,Completed
980,440,2026-03-09,Completed
981,471,2026-01-29,Completed
982,109,2025-03-30,Returned
983,139,2025-12-06,Completed
984,351,2024-10-22,Completed
985,289,2026-02-14,Completed
986,476,2025-02-06,Completed
987,493,2024-08-23,Completed
988,74,2026-03-31,Cancelled
989,154,2024-10-24,Completed
990,124,2026-03-07,Returned
991,347,2025-09-09,Returned
992,197,2025-07-12,Completed
993,371,2026-07-13,Completed
994,382,2026-01-01,Completed
995,51,2024-09-30,Cancelled
996,430,2025-04-01,Completed
997,310,2025-07-21,Returned
998,204,2026-04-08,Completed
999,325,2024-09-06,Completed
1000,252,2025-11-11,Completed
1001,284,2025-08-06,Cancelled
1002,96,2025-10-23,Returned
1003,195,2026-06-14,Completed
1004,152,2026-05-02,Completed
1005,43,2024-10-21,Completed
1006,195,2025-01-11,Completed
1007,163,2025-09-09,Completed
1008,47,2024-11-24,Completed
1009,228,2025-06-18,Completed
1010,53,2025-05-10,Completed
1011,96,2024-11-04,Cancelled
1012,286,2025-11-09,Returned
1013,209,2026-01-13,Completed
1014,46,2024-09-02,Completed
1015,48,2026-02-25,Returned
1016,402,2026-04-11,Completed
1017,7,2025-09-05,Completed
1018,199,2025-10-04,Completed
1019,464,2026-03-02,Completed
1020,267,2026-03-15,Completed
1021,195,2026-07-09,Completed
1022,138,2024-12-27,Completed
1023,253,2025-05-08,Completed
1024,86,2024-10-10,Cancelled
1025,216,2025-05-16,Completed
1026,401,2025-12-15,Completed
1027,129,2025-08-11,Completed
1028,254,2026-05-09,Returned
1029,101,2026-04-30,Cancelled
1030,70,2024-11-24,Completed
1031,486,2024-08-13,Cancelled
1032,431,2025-07-13,Returned
1033,412,2025-08-31,Completed
1034,172,2025-10-31,Cancelled
1035,499,2026-06-04,Returned
1036,154,2024-12-24,Completed
1037,486,2026-04-16,Completed
1038,161,2025-12-10,Completed
1039,496,2025-09-18,Completed
1040,377,2025-06-01,Cancelled
1041,401,2026-03-19,Completed
1042,193,2025-07-06,Completed
1043,187,2025-09-13,Completed
1044,103,2026-03-07,Returned
1045,93,2026-02-16,Returned
1046,488,2024-09-03,Cancelled
1047,108,2026-08-02,Cancelled
1048,426,2025-06-01,Completed
1049,345,2025-09-29,Cancelled
1050,325,2024-12-27,Completed
1051,130,2025-04-11,Completed
1052,405,2025-10-14,Cancelled
1053,230,2024-10-21,Returned
1054,299,2025-12-10,Cancelled
1055,260,2026-02-05,Cancelled
1056,19,2026-02-14,Completed
1057,459,2026-07-26,Returned
1058,327,2026-04-07,Completed
1059,394,2024-11-26,Completed
1060,341,2026-06-11,Completed
1061,332,2025-01-24,Returned
1062,289,2024-09-21,Cancelled
1063,495,2025-07-12,Cancelled
1064,6,2024-11-23,Completed
1065,114,2025-04-28,Returned
1066,286,2026-01-20,Returned
1067,295,2026-07-12,Completed
1068,192,2025-11-06,Cancelled
1069,396,2025-11-24,Returned
1070,257,2026-07-15,Completed
1071,13,2025-07-26,Cancelled
1072,152,2024-11-22,Cancelled
1073,60,2024-11-02,Completed
1074,160,2025-07-29,Completed
1075,402,2025-11-16,Completed
1076,248,2026-01-22,Completed
1077,50,2025-12-07,Cancelled
1078,232,2026-07-21,Completed
1079,154,2024-10-14,Completed
1080,59,2026-08-04,Completed
1081,332,2025-07-24,Completed
1082,410,2026-07-01,Completed
1083,265,2025-04-13,Completed
1084,82,2026-02-23,Completed
1085,219,2026-03-03,Cancelled
1086,409,2025-04-01,Cancelled
1087,95,2026-05-13,Completed
1088,337,2026-05-24,Cancelled
1089,15,2025-09-16,Returned
1090,231,2025-02-25,Returned
1091,200,2025-10-20,Completed
1092,110,2026-07-29,Completed
1093,386,2025-05-19,Completed
1094,53,2026-03-21,Returned
1095,188,2025-02-14,Completed
1096,235,2025-02-24,Completed
1097,344,2025-05-02,Cancelled
1098,495,2026-01-29,Completed
1099,199,2026-04-10,Returned
1100,301,2025-09-12,Completed
1101,181,2025-07-29,Cancelled
1102,89,2026-05-01,Completed
1103,303,2026-04-28,Completed
1104,69,2026-06-26,Completed
1105,123,2024-12-05,Completed
1106,94,2024-12-04,Completed
1107,73,2026-07-18,Returned
1108,215,2025-09-08,Returned
1109,295,2024-12-26,Cancelled
1110,96,2025-10-14,Cancelled
1111,276,2026-05-19,Completed
1112,86,2026-02-26,Cancelled
1113,72,2025-05-29,Completed
1114,432,2025-06-25,Cancelled
1115,28,2026-05-03,Completed
1116,249,2024-08-16,Completed
1117,418,2025-02-22,Cancelled
1118,259,2026-03-05,Cancelled
1119,351,2025-09-29,Cancelled
1120,364,2025-10-06,Cancelled
1121,86,2025-12-20,Completed
1122,16,2026-03-08,Completed
1123,17,2025-06-02,Completed
1124,276,2025-03-25,Completed
1125,400,2025-01-26,Cancelled
1126,381,2026-03-09,Cancelled
1127,262,2026-02-20,Completed
1128,59,2026-03-16,Completed
1129,422,2026-02-14,Completed
1130,422,2026-02-13,Completed
1131,280,2025-11-01,Completed
1132,53,2025-10-16,Completed
1133,448,2025-06-07,Completed
1134,135,2025-11-10,Completed
1135,225,2024-11-04,Completed
1136,108,2025-04-06,Returned
1137,180,2026-07-13,Returned
1138,220,2026-05-16,Completed
1139,72,2026-04-29,Completed
1140,413,2025-03-06,Completed
1141,180,2026-03-13,Returned
1142,306,2025-05-21,Returned
1143,166,2025-01-26,Completed
1144,294,2025-05-30,Completed
1145,461,2026-01-15,Completed
1146,493,2024-12-23,Cancelled
1147,142,2024-10-06,Completed
1148,444,2026-07-26,Completed
1149,75,2025-04-19,Completed
1150,390,2025-04-17,Cancelled
1151,73,2025-12-21,Returned
1152,138,2026-05-16,Cancelled
1153,232,2025-08-26,Completed
1154,407,2026-05-17,Completed
1155,264,2025-09-23,Completed
1156,480,2026-07-19,Completed
1157,487,2025-11-15,Cancelled
1158,298,2025-07-08,Completed
1159,375,2024-11-10,Cancelled
1160,341,2026-05-19,Completed
1161,408,2024-10-10,Returned
1162,112,2025-09-18,Cancelled
1163,254,2025-03-11,Completed
1164,425,2025-07-03,Completed
1165,281,2025-07-18,Returned
1166,290,2024-12-18,Cancelled
1167,458,2025-07-24,Completed
1168,51,2024-09-23,Cancelled
1169,64,2024-08-23,Completed
1170,234,2025-11-01,Completed
1171,104,2025-10-19,Completed
1172,155,2026-06-03,Completed
1173,48,2025-05-14,Completed
1174,43,2025-04-20,Completed
1175,463,2026-06-18,Completed
1176,203,2024-09-29,Completed
1177,387,2026-07-24,Completed
1178,336,2025-10-20,Completed
1179,49,2026-07-28,Completed
1180,245,2025-03-13,Completed
1181,304,2024-12-20,Completed
1182,349,2026-01-20,Cancelled
1183,5,2024-08-16,Completed
1184,441,2024-12-08,Cancelled
1185,68,2026-07-18,Cancelled
1186,118,2024-10-18,Cancelled
1187,375,2024-11-06,Completed
1188,161,2024-11-20,Completed
1189,71,2025-06-09,Cancelled
1190,329,2024-12-21,Completed
1191,272,2024-10-16,Returned
1192,313,2024-08-15,Completed
1193,180,2025-10-31,Completed
1194,384,2026-05-12,Completed
1195,316,2025-10-02,Cancelled
1196,45,2025-03-17,Completed
1197,386,2024-12-28,Completed
1198,374,2026-04-02,Cancelled
1199,494,2025-08-01,Cancelled
1200,406,2025-06-25,Completed
1201,142,2025-04-17,Completed
1202,284,2025-04-18,Returned
1203,370,2026-04-13,Returned
1204,399,2025-05-25,Completed
1205,449,2026-06-12,Completed
1206,266,2025-03-05,Returned
1207,97,2026-01-10,Cancelled
1208,331,2025-06-05,Completed
1209,254,2025-04-09,Cancelled
1210,124,2024-11-30,Cancelled
1211,305,2026-05-22,Completed
1212,456,2026-01-29,Completed
1213,479,2025-08-11,Completed
1214,199,2024-12-20,Returned
1215,188,2025-10-11,Returned
1216,89,2026-07-07,Cancelled
1217,9,2024-10-20,Returned
1218,8,2024-10-15,Completed
1219,21,2025-03-15,Completed
1220,260,2025-09-18,Completed
1221,365,2026-05-12,Returned
1222,217,2025-10-06,Cancelled
1223,328,2024-10-30,Returned
1224,316,2026-02-08,Completed
1225,43,2025-05-18,Completed
1226,262,2024-10-26,Completed
1227,275,2025-01-13,Completed
1228,301,2025-09-11,Completed
1229,358,2025-06-20,Cancelled
1230,30,2025-04-08,Completed
1231,474,2024-11-03,Cancelled
1232,233,2024-12-03,Returned
1233,29,2026-04-22,Completed
1234,380,2026-06-20,Completed
1235,7,2024-12-07,Completed
1236,6,2026-07-26,Completed
1237,488,2025-12-28,Completed
1238,265,2026-01-24,Completed
1239,191,2025-01-24,Completed
1240,376,2025-05-09,Completed
1241,172,2024-09-06,Cancelled
1242,269,2025-05-12,Completed
1243,365,2025-05-03,Returned
1244,40,2026-05-11,Cancelled
1245,262,2025-11-16,Completed
1246,256,2024-10-02,Returned
1247,189,2025-01-24,Completed
1248,396,2025-04-25,Completed
1249,346,2026-03-17,Completed
1250,380,2025-03-28,Returned
1251,23,2024-08-09,Completed
1252,24,2025-04-14,Cancelled
1253,197,2025-08-14,Completed
1254,477,2025-02-06,Completed
1255,412,2026-02-24,Cancelled
1256,165,2025-03-24,Completed
1257,469,2025-10-07,Completed
1258,423,2025-05-11,Completed
1259,191,2026-03-15,Completed
1260,345,2026-01-03,Completed
1261,115,2025-02-06,Returned
1262,489,2024-09-23,Cancelled
1263,450,2024-10-16,Cancelled
1264,397,2025-05-23,Completed
1265,45,2025-07-08,Returned
1266,5,2025-11-17,Completed
1267,150,2025-02-28,Returned
1268,379,2025-06-14,Returned
1269,238,2025-04-12,Completed
1270,498,2026-04-04,Cancelled
1271,376,2025-02-23,Returned
1272,78,2025-04-15,Completed
1273,13,2025-09-30,Completed
1274,178,2026-02-12,Completed
1275,1,2025-07-16,Cancelled
1276,54,2025-06-17,Completed
1277,122,2026-01-31,Cancelled
1278,493,2025-12-23,Completed
1279,365,2024-12-30,Completed
1280,23,2024-11-10,Completed
1281,212,2026-01-21,Completed
1282,499,2025-11-19,Completed
1283,49,2026-03-24,Returned
1284,327,2024-12-21,Cancelled
1285,304,2024-10-22,Returned
1286,223,2024-10-09,Completed
1287,150,2025-04-06,Completed
1288,475,2025-06-25,Cancelled
1289,426,2026-07-25,Completed
1290,232,2025-06-28,Completed
1291,39,2025-04-03,Completed
1292,400,2024-12-24,Returned
1293,80,2024-11-26,Completed
1294,231,2025-01-22,Cancelled
1295,209,2025-06-24,Completed
1296,184,2026-02-06,Completed
1297,158,2025-11-12,Cancelled
1298,437,2025-05-05,Completed
1299,81,2024-11-07,Completed
1300,357,2026-07-29,Returned
1301,111,2024-09-17,Completed
1302,47,2025-01-05,Completed
1303,203,2025-08-06,Returned
1304,347,2024-09-26,Completed
1305,420,2025-04-30,Completed
1306,488,2024-09-07,Cancelled
1307,285,2025-11-13,Returned
1308,49,2025-04-19,Cancelled
1309,412,2024-11-19,Completed
1310,7,2024-12-09,Completed
1311,67,2025-03-22,Completed
1312,191,2025-09-21,Completed
1313,301,2026-03-26,Completed
1314,12,2024-10-22,Completed
1315,463,2025-02-25,Cancelled
1316,48,2024-12-16,Completed
1317,22,2024-12-10,Cancelled
1318,87,2024-09-27,Returned
1319,421,2025-10-24,Cancelled
1320,16,2025-12-28,Cancelled
1321,219,2026-07-07,Completed
1322,110,2025-08-04,Completed
1323,144,2025-05-15,Cancelled
1324,18,2025-01-06,Returned
1325,316,2026-05-03,Completed
1326,152,2026-05-31,Cancelled
1327,452,2025-10-02,Returned
1328,32,2025-12-10,Completed
1329,197,2025-05-20,Completed
1330,103,2025-10-10,Returned
1331,323,2025-04-19,Returned
1332,196,2024-08-26,Completed
1333,279,2025-12-11,Cancelled
1334,468,2025-07-25,Returned
1335,165,2026-01-03,Cancelled
1336,93,2025-05-10,Completed
1337,306,2025-06-29,Completed
1338,459,2024-09-06,Completed
1339,415,2024-10-05,Cancelled
1340,184,2026-01-31,Returned
1341,499,2025-04-02,Completed
1342,127,2024-11-17,Completed
1343,274,2025-05-06,Completed
1344,295,2025-03-19,Cancelled
1345,479,2025-08-05,Completed
1346,122,2025-02-03,Returned
1347,413,2025-06-28,Completed
1348,15,2026-04-04,Completed
1349,289,2026-03-11,Completed
1350,486,2026-03-06,Completed
1351,278,2025-12-24,Completed
1352,252,2025-02-02,Completed
1353,29,2024-11-07,Completed
1354,113,2026-04-15,Completed
1355,245,2026-01-28,Completed
1356,470,2025-07-12,Returned
1357,413,2025-03-01,Completed
1358,368,2025-07-21,Completed
1359,31,2025-07-04,Completed
1360,301,2025-01-05,Completed
1361,434,2024-11-28,Returned
1362,492,2025-08-15,Completed
1363,361,2025-08-24,Cancelled
1364,52,2026-03-30,Completed
1365,166,2025-06-12,Completed
1366,375,2025-01-15,Cancelled
1367,492,2026-05-23,Cancelled
1368,163,2026-06-02,Completed
1369,496,2026-08-01,Returned
1370,456,2026-07-18,Returned
1371,115,2025-08-07,Returned
1372,194,2025-02-02,Completed
1373,151,2026-07-13,Completed
1374,374,2025-02-04,Completed
1375,486,2026-07-26,Returned
1376,436,2025-09-11,Returned
1377,94,2024-09-09,Returned
1378,472,2025-06-28,Returned
1379,328,2025-03-21,Returned
1380,480,2024-11-21,Cancelled
1381,170,2024-12-29,Completed
1382,178,2025-04-07,Completed
1383,326,2025-01-25,Completed
1384,344,2026-08-02,Completed
1385,6,2025-11-07,Completed
1386,128,2025-03-09,Completed
1387,132,2025-07-31,Completed
1388,25,2024-08-08,Cancelled
1389,376,2025-10-29,Cancelled
1390,453,2025-01-24,Cancelled
1391,452,2025-12-24,Cancelled
1392,280,2025-08-01,Cancelled
1393,425,2024-11-18,Cancelled
1394,334,2026-03-21,Completed
1395,232,2025-01-20,Completed
1396,151,2024-09-10,Completed
1397,134,2025-06-29,Completed
1398,176,2024-10-21,Completed
1399,83,2025-08-26,Completed
1400,483,2026-02-18,Completed
1401,305,2025-07-19,Returned
1402,361,2025-12-14,Completed
1403,483,2025-10-22,Completed
1404,456,2026-04-20,Cancelled
1405,28,2025-01-14,Completed
1406,106,2025-07-12,Completed
1407,357,2025-09-30,Returned
1408,136,2026-02-11,Completed
1409,122,2025-06-07,Completed
1410,202,2024-09-26,Returned
1411,431,2026-02-20,Cancelled
1412,28,2025-01-11,Completed
1413,219,2024-08-10,Completed
1414,422,2025-06-04,Returned
1415,103,2025-12-11,Completed
1416,106,2024-09-02,Completed
1417,150,2026-05-22,Completed
1418,433,2025-12-04,Completed
1419,402,2025-06-18,Cancelled
1420,251,2025-12-02,Completed
1421,329,2024-11-08,Returned
1422,95,2025-09-07,Completed
1423,190,2025-09-01,Completed
1424,23,2025-11-06,Completed
1425,239,2025-10-31,Completed
1426,429,2025-03-26,Completed
1427,32,2026-03-07,Completed
1428,342,2026-07-21,Completed
1429,343,2024-11-02,Completed
1430,212,2026-02-12,Returned
1431,284,2025-03-27,Completed
1432,420,2025-09-07,Returned
1433,495,2025-10-09,Returned
1434,444,2026-07-11,Cancelled
1435,452,2026-03-16,Completed
1436,154,2025-12-07,Completed
1437,463,2025-09-15,Completed
1438,293,2026-01-03,Returned
1439,347,2026-03-15,Returned
1440,62,2025-01-04,Cancelled
1441,486,2025-01-31,Completed
1442,414,2025-03-11,Completed
1443,22,2024-12-14,Cancelled
1444,350,2024-10-26,Cancelled
1445,422,2025-03-01,Completed
1446,133,2026-04-08,Completed
1447,45,2024-10-14,Cancelled
1448,204,2026-02-27,Returned
1449,439,2025-07-06,Completed
1450,235,2026-01-21,Completed
1451,320,2026-07-25,Returned
1452,401,2026-01-24,Cancelled
1453,213,2024-11-30,Completed
1454,291,2025-01-05,Returned
1455,389,2026-03-26,Completed
1456,289,2024-11-23,Completed
1457,445,2025-05-26,Returned
1458,450,2025-07-25,Cancelled
1459,197,2025-05-04,Cancelled
1460,312,2026-03-15,Cancelled
1461,89,2024-09-14,Completed
1462,74,2025-09-23,Returned
1463,349,2026-04-22,Cancelled
1464,203,2024-09-15,Completed
1465,122,2026-07-15,Completed
1466,472,2025-12-06,Completed
1467,11,2025-08-23,Completed
1468,160,2025-06-13,Completed
1469,440,2025-12-23,Completed
1470,69,2025-03-28,Completed
1471,397,2025-11-03,Completed
1472,374,2025-05-09,Cancelled
1473,331,2026-04-18,Completed
1474,227,2025-02-15,Completed
1475,380,2025-09-27,Cancelled
1476,445,2026-01-17,Completed
1477,264,2024-10-03,Completed
1478,160,2024-10-13,Returned
1479,70,2025-09-24,Returned
1480,15,2026-03-12,Completed
1481,449,2025-02-20,Completed
1482,128,2024-10-05,Completed
1483,26,2025-11-17,Completed
1484,102,2026-07-29,Completed
1485,422,2025-08-19,Cancelled
1486,204,2026-01-06,Completed
1487,16,2026-07-05,Completed
1488,251,2025-08-23,Returned
1489,91,2025-11-06,Cancelled
1490,283,2026-03-30,Completed
1491,84,2025-07-25,Completed
1492,47,2026-07-13,Completed
1493,198,2024-09-04,Completed
1494,438,2025-01-20,Returned
1495,439,2025-03-14,Completed
1496,116,2026-05-31,Completed
1497,334,2025-05-09,Cancelled
1498,11,2026-01-14,Completed
1499,467,2025-12-05,Completed
1500,89,2026-05-31,Returned
1501,115,2024-08-15,Completed
1502,413,2026-04-21,Completed
1503,496,2026-08-06,Completed
1504,459,2025-10-14,Cancelled
1505,236,2025-07-30,Completed
1506,239,2025-03-18,Completed
1507,267,2026-07-01,Returned
1508,300,2025-09-17,Completed
1509,262,2024-08-14,Completed
1510,332,2026-03-04,Returned
1511,145,2026-04-22,Completed
1512,56,2026-07-08,Cancelled
1513,173,2024-10-11,Completed
1514,167,2026-05-24,Completed
1515,336,2025-05-01,Completed
1516,77,2025-02-15,Returned
1517,461,2025-04-10,Completed
1518,207,2026-04-13,Completed
1519,72,2026-07-05,Completed
1520,255,2026-06-09,Completed
1521,465,2025-04-29,Cancelled
1522,199,2025-09-25,Completed
1523,363,2026-03-27,Returned
1524,176,2025-02-17,Completed
1525,274,2026-07-10,Cancelled
1526,184,2026-06-25,Returned
1527,433,2025-06-10,Completed
1528,449,2026-06-11,Returned
1529,151,2025-02-08,Completed
1530,66,2025-12-02,Completed
1531,391,2026-03-02,Completed
1532,461,2026-07-04,Completed
1533,46,2026-06-08,Completed
1534,115,2025-08-05,Completed
1535,404,2025-10-11,Completed
1536,134,2025-08-22,Returned
1537,238,2025-06-04,Completed
1538,28,2025-12-01,Returned
1539,484,2026-03-24,Returned
1540,242,2024-10-18,Completed
1541,62,2026-01-01,Cancelled
1542,153,2026-01-31,Cancelled
1543,446,2024-10-01,Completed
1544,103,2024-12-25,Completed
1545,292,2025-09-30,Cancelled
1546,162,2024-12-31,Completed
1547,250,2024-10-28,Completed
1548,91,2026-05-15,Completed
1549,30,2026-05-18,Completed
1550,141,2025-11-12,Completed
1551,296,2025-01-26,Completed
1552,403,2025-12-21,Completed
1553,315,2024-12-17,Cancelled
1554,220,2026-05-17,Cancelled
1555,495,2025-10-20,Cancelled
1556,3,2025-09-03,Completed
1557,103,2026-02-04,Completed
1558,457,2024-08-21,Completed
1559,98,2026-02-01,Completed
1560,3,2026-06-30,Completed
1561,356,2025-03-26,Completed
1562,67,2025-06-22,Completed
1563,258,2025-09-03,Returned
1564,86,2025-06-16,Completed
1565,153,2024-09-22,Completed
1566,373,2025-11-16,Returned
1567,269,2026-04-09,Completed
1568,455,2025-10-25,Completed
1569,462,2025-07-23,Cancelled
1570,385,2025-08-09,Completed
1571,486,2025-01-22,Cancelled
1572,117,2024-08-26,Completed
1573,109,2024-12-19,Completed
1574,259,2026-04-02,Completed
1575,188,2024-12-11,Completed
1576,449,2025-08-26,Completed
1577,320,2026-02-05,Completed
1578,25,2026-04-07,Completed
1579,429,2026-06-07,Completed
1580,354,2024-09-25,Completed
1581,228,2025-10-07,Cancelled
1582,281,2024-12-11,Completed
1583,360,2025-12-05,Completed
1584,356,2025-03-05,Completed
1585,216,2025-06-11,Completed
1586,267,2026-06-16,Completed
1587,311,2026-05-06,Completed
1588,426,2025-10-09,Completed
1589,369,2026-01-12,Returned
1590,145,2024-12-05,Completed
1591,255,2024-11-23,Completed
1592,103,2026-04-22,Completed
1593,499,2026-01-24,Completed
1594,361,2025-08-08,Cancelled
1595,83,2025-06-05,Completed
1596,255,2026-02-19,Completed
1597,478,2026-07-12,Cancelled
1598,121,2025-07-11,Completed
1599,344,2024-08-20,Completed
1600,428,2024-11-28,Returned
1601,253,2026-06-23,Completed
1602,400,2024-11-07,Returned
1603,371,2024-10-22,Completed
1604,330,2025-04-26,Completed
1605,152,2025-11-17,Completed
1606,26,2025-11-25,Completed
1607,448,2025-02-01,Completed
1608,185,2025-05-31,Completed
1609,379,2025-10-17,Completed
1610,436,2024-11-12,Completed
1611,437,2024-08-16,Completed
1612,332,2026-06-17,Completed
1613,184,2025-07-09,Cancelled
1614,138,2026-05-05,Completed
1615,418,2025-08-23,Completed
1616,59,2025-02-10,Cancelled
1617,493,2025-09-20,Cancelled
1618,428,2025-05-12,Cancelled
1619,436,2026-07-14,Cancelled
1620,333,2025-10-12,Completed
1621,68,2024-11-30,Completed
1622,54,2025-01-17,Cancelled
1623,248,2026-04-03,Returned
1624,225,2026-07-02,Completed
1625,195,2026-04-24,Completed
1626,15,2026-04-25,Completed
1627,472,2025-12-14,Cancelled
1628,455,2024-11-30,Cancelled
1629,24,2025-11-01,Completed
1630,336,2025-05-01,Completed
1631,361,2024-08-19,Returned
1632,371,2026-03-20,Returned
1633,490,2025-03-24,Completed
1634,268,2026-01-20,Returned
1635,222,2024-11-12,Completed
1636,178,2025-12-13,Cancelled
1637,430,2025-01-06,Returned
1638,28,2026-04-26,Completed
1639,479,2026-05-27,Completed
1640,435,2026-01-06,Cancelled
1641,446,2025-12-27,Completed
1642,385,2024-10-22,Cancelled
1643,124,2025-07-01,Completed
1644,26,2025-05-18,Returned
1645,282,2025-03-23,Cancelled
1646,419,2025-09-23,Completed
1647,236,2024-10-26,Cancelled
1648,230,2026-03-16,Completed
1649,229,2025-12-30,Completed
1650,255,2024-12-06,Completed
1651,207,2024-11-20,Cancelled
1652,286,2024-09-12,Returned
1653,423,2024-08-07,Completed
1654,494,2026-04-17,Returned
1655,156,2026-05-21,Returned
1656,106,2026-03-05,Cancelled
1657,187,2025-07-22,Completed
1658,433,2025-03-23,Cancelled
1659,287,2025-07-12,Returned
1660,243,2026-04-13,Completed
1661,59,2025-11-13,Completed
1662,114,2026-06-12,Completed
1663,182,2025-07-22,Completed
1664,268,2026-02-18,Completed
1665,55,2026-07-26,Completed
1666,253,2025-01-22,Completed
1667,55,2025-09-30,Completed
1668,101,2026-04-24,Completed
1669,477,2024-12-08,Cancelled
1670,235,2025-03-15,Completed
1671,56,2025-07-19,Cancelled
1672,475,2024-09-23,Returned
1673,396,2024-12-11,Cancelled
1674,338,2025-11-18,Returned
1675,69,2026-01-05,Cancelled
1676,272,2024-08-11,Completed
1677,479,2026-02-24,Cancelled
1678,248,2026-03-29,Returned
1679,355,2025-02-04,Returned
1680,375,2025-01-31,Completed
1681,199,2024-11-21,Returned
1682,452,2026-04-19,Completed
1683,452,2026-01-05,Cancelled
1684,312,2025-10-09,Completed
1685,204,2025-05-14,Completed
1686,232,2025-06-04,Completed
1687,212,2024-12-26,Returned
1688,454,2026-07-24,Returned
1689,432,2025-06-09,Returned
1690,365,2025-06-24,Returned
1691,112,2026-05-16,Completed
1692,320,2025-03-09,Completed
1693,177,2026-07-11,Completed
1694,333,2026-08-04,Completed
1695,278,2026-01-04,Completed
1696,60,2026-08-04,Completed
1697,246,2026-03-05,Returned
1698,483,2026-03-14,Cancelled
1699,383,2026-06-28,Returned
1700,450,2025-05-26,Cancelled
1701,268,2024-08-20,Completed
1702,196,2024-09-01,Completed
1703,344,2024-09-30,Completed
1704,137,2025-02-27,Completed
1705,350,2025-05-27,Completed
1706,430,2025-01-03,Completed
1707,402,2026-07-15,Completed
1708,386,2025-03-03,Returned
1709,184,2024-09-09,Cancelled
1710,316,2024-11-19,Returned
1711,381,2025-03-24,Returned
1712,122,2025-09-09,Returned
1713,148,2026-07-20,Completed
1714,199,2025-09-01,Cancelled
1715,161,2026-07-09,Returned
1716,7,2024-10-01,Completed
1717,318,2025-03-02,Cancelled
1718,467,2025-03-25,Completed
1719,280,2026-04-01,Returned
1720,398,2025-02-24,Completed
1721,230,2025-06-04,Completed
1722,39,2026-07-07,Completed
1723,377,2025-01-31,Returned
1724,194,2024-12-07,Completed
1725,143,2025-10-19,Returned
1726,67,2025-05-04,Completed
1727,434,2026-03-28,Completed
1728,170,2024-08-12,Cancelled
1729,480,2026-08-03,Completed
1730,79,2024-09-16,Completed
1731,27,2026-04-10,Returned
1732,155,2026-06-15,Cancelled
1733,282,2026-03-16,Completed
1734,402,2024-10-20,Completed
1735,113,2026-01-27,Completed
1736,35,2026-01-22,Returned
1737,213,2025-01-17,Returned
1738,207,2026-02-07,Completed
1739,114,2025-07-30,Completed
1740,170,2026-06-17,Completed
1741,151,2025-08-11,Completed
1742,272,2026-05-02,Cancelled
1743,422,2026-03-04,Completed
1744,343,2024-12-02,Completed
1745,124,2025-11-06,Returned
1746,125,2026-05-05,Completed
1747,454,2026-07-06,Completed
1748,469,2025-09-01,Completed
1749,132,2025-09-06,Returned
1750,13,2025-05-23,Returned
1751,264,2025-08-25,Returned
1752,250,2025-11-06,Completed
1753,460,2025-06-06,Completed
1754,264,2025-07-01,Completed
1755,86,2024-11-13,Returned
1756,4,2026-02-04,Completed
1757,344,2025-03-10,Completed
1758,218,2026-07-09,Completed
1759,276,2025-03-05,Cancelled
1760,419,2026-05-31,Completed
1761,79,2026-07-10,Completed
1762,368,2025-11-20,Completed
1763,45,2024-09-14,Completed
1764,92,2024-10-01,Completed
1765,37,2026-03-01,Returned
1766,467,2025-03-28,Completed
1767,199,2025-09-28,Cancelled
1768,208,2026-05-14,Cancelled
1769,9,2025-06-26,Cancelled
1770,61,2026-06-27,Returned
1771,329,2024-08-13,Returned
1772,388,2024-10-10,Returned
1773,359,2024-09-22,Completed
1774,476,2025-08-08,Returned
1775,149,2024-11-23,Completed
1776,45,2026-04-20,Completed
1777,196,2025-10-29,Cancelled
1778,16,2026-06-14,Cancelled
1779,274,2025-01-14,Completed
1780,383,2024-12-24,Cancelled
1781,152,2026-02-16,Completed
1782,347,2025-06-08,Completed
1783,284,2024-08-18,Returned
1784,64,2024-12-29,Completed
1785,294,2024-08-12,Returned
1786,276,2025-09-14,Returned
1787,157,2024-11-02,Completed
1788,109,2025-07-25,Cancelled
1789,436,2026-05-30,Returned
1790,83,2024-12-30,Completed
1791,316,2025-03-21,Completed
1792,59,2025-02-21,Completed
1793,410,2026-06-25,Returned
1794,436,2024-10-01,Returned
1795,331,2025-11-22,Returned
1796,149,2024-10-20,Completed
1797,51,2025-04-20,Completed
1798,250,2026-03-24,Completed
1799,66,2025-08-07,Completed
1800,146,2024-11-17,Returned
1801,461,2024-10-17,Completed
1802,249,2025-06-28,Cancelled
1803,316,2025-07-09,Completed
1804,300,2026-07-18,Completed
1805,291,2026-03-09,Completed
1806,491,2025-06-26,Cancelled
1807,3,2025-01-26,Completed
1808,403,2025-04-16,Completed
1809,379,2026-08-06,Cancelled
1810,431,2025-05-17,Completed
1811,348,2024-12-22,Completed
1812,237,2025-12-11,Cancelled
1813,397,2025-08-09,Completed
1814,283,2025-12-18,Completed
1815,331,2025-02-02,Returned
1816,431,2024-10-29,Completed
1817,457,2024-12-28,Returned
1818,135,2025-02-24,Completed
1819,457,2024-10-23,Completed
1820,324,2026-01-08,Completed
1821,297,2026-03-25,Cancelled
1822,109,2026-04-03,Completed
1823,134,2026-02-22,Returned
1824,242,2026-02-10,Completed
1825,201,2025-08-16,Completed
1826,376,2026-04-02,Completed
1827,238,2024-12-22,Returned
1828,47,2026-01-11,Cancelled
1829,258,2025-08-14,Completed
1830,123,2026-06-16,Returned
1831,85,2026-07-08,Returned
1832,229,2024-12-28,Completed
1833,290,2025-02-06,Returned
1834,447,2026-06-13,Completed
1835,481,2025-12-15,Completed
1836,113,2024-09-17,Cancelled
1837,33,2025-04-01,Completed
1838,120,2025-08-20,Completed
1839,106,2026-06-22,Returned
1840,199,2025-08-11,Cancelled
1841,452,2025-11-15,Completed
1842,333,2024-09-16,Completed
1843,361,2024-11-20,Returned
1844,425,2026-05-17,Completed
1845,297,2025-05-03,Returned
1846,90,2026-03-13,Cancelled
1847,194,2026-06-07,Completed
1848,335,2026-03-31,Completed
1849,129,2026-01-18,Cancelled
1850,265,2025-03-23,Cancelled
1851,419,2025-08-03,Completed
1852,406,2025-12-18,Cancelled
1853,4,2026-04-17,Returned
1854,226,2024-12-27,Completed
1855,40,2025-03-30,Returned
1856,144,2026-05-27,Completed
1857,96,2025-01-07,Completed
1858,309,2025-08-12,Completed
1859,118,2026-06-14,Cancelled
1860,369,2025-07-11,Completed
1861,346,2025-12-13,Cancelled
1862,108,2025-12-10,Returned
1863,332,2025-01-19,Cancelled
1864,125,2024-08-29,Completed
1865,294,2024-12-15,Returned
1866,69,2025-01-18,Returned
1867,457,2024-09-16,Returned
1868,29,2025-01-04,Completed
1869,473,2025-04-28,Completed
1870,491,2026-01-18,Cancelled
1871,497,2026-04-12,Returned
1872,10,2026-05-21,Completed
1873,111,2024-11-02,Cancelled
1874,242,2026-04-20,Cancelled
1875,113,2025-01-28,Cancelled
1876,74,2026-04-14,Returned
1877,320,2025-02-09,Returned
1878,86,2025-05-04,Completed
1879,306,2025-11-14,Returned
1880,118,2024-10-16,Cancelled
1881,68,2025-09-05,Completed
1882,104,2024-08-23,Returned
1883,351,2026-01-05,Cancelled
1884,311,2025-01-07,Completed
1885,244,2025-02-04,Returned
1886,20,2026-04-13,Returned
1887,386,2026-01-04,Completed
1888,247,2024-11-10,Completed
1889,277,2026-04-16,Completed
1890,333,2026-07-02,Cancelled
1891,216,2026-01-23,Completed
1892,358,2024-09-20,Returned
1893,118,2025-10-20,Cancelled
1894,180,2025-09-01,Returned
1895,295,2026-07-21,Completed
1896,69,2025-10-16,Completed
1897,393,2025-12-08,Completed
1898,146,2024-10-31,Returned
1899,210,2026-02-14,Completed
1900,3,2025-02-16,Completed
1901,268,2026-03-21,Completed
1902,4,2026-01-21,Cancelled
1903,106,2026-06-08,Completed
1904,186,2025-09-29,Completed
1905,219,2025-01-12,Returned
1906,134,2025-04-23,Returned
1907,290,2025-10-14,Completed
1908,142,2026-04-25,Cancelled
1909,212,2025-03-03,Returned
1910,248,2026-02-28,Completed
1911,287,2025-08-21,Returned
1912,130,2025-12-15,Completed
1913,177,2026-03-21,Cancelled
1914,438,2024-12-26,Completed
1915,229,2025-03-30,Completed
1916,110,2024-11-17,Returned
1917,403,2025-09-21,Completed
1918,315,2026-02-21,Completed
1919,200,2025-01-18,Completed
1920,422,2024-11-08,Completed
1921,475,2025-12-02,Returned
1922,46,2025-10-26,Completed
1923,114,2025-05-03,Completed
1924,312,2024-10-27,Completed
1925,477,2025-09-04,Cancelled
1926,336,2026-04-27,Returned
1927,365,2025-05-27,Returned
1928,485,2024-10-04,Completed
1929,254,2026-05-24,Cancelled
1930,104,2024-08-17,Returned
1931,100,2025-05-26,Completed
1932,262,2026-04-12,Returned
1933,119,2026-07-23,Returned
1934,346,2025-01-27,Completed
1935,123,2025-08-10,Completed
1936,45,2025-01-15,Completed
1937,181,2025-09-20,Cancelled
1938,301,2025-09-26,Completed
1939,8,2026-01-19,Completed
1940,282,2024-11-07,Completed
1941,469,2026-03-02,Returned
1942,178,2025-07-29,Completed
1943,311,2025-03-26,Completed
1944,477,2025-11-15,Cancelled
1945,3,2026-03-18,Completed
1946,209,2025-02-02,Returned
1947,287,2024-11-24,Completed
1948,151,2026-01-04,Completed
1949,412,2024-12-04,Returned
1950,449,2025-04-27,Returned
1951,129,2026-03-18,Cancelled
1952,289,2025-08-28,Cancelled
1953,388,2025-04-13,Completed
1954,349,2025-11-19,Cancelled
1955,442,2026-03-30,Completed
1956,60,2025-12-13,Completed
1957,196,2024-10-15,Completed
1958,360,2026-07-01,Completed
1959,212,2025-06-26,Completed
1960,275,2026-01-17,Completed
1961,427,2026-07-25,Completed
1962,148,2025-04-18,Completed
1963,345,2025-09-19,Completed
1964,284,2024-10-23,Completed
1965,161,2025-12-07,Completed
1966,458,2025-03-18,Returned
1967,94,2025-05-09,Completed
1968,378,2025-12-30,Completed
1969,377,2025-04-04,Completed
1970,106,2025-05-05,Completed
1971,428,2025-03-02,Completed
1972,183,2026-05-02,Completed
1973,62,2024-11-24,Completed
1974,490,2026-06-30,Cancelled
1975,4,2026-04-27,Returned
1976,435,2024-09-19,Cancelled
1977,318,2025-08-22,Completed
1978,460,2025-12-24,Returned
1979,252,2025-05-15,Completed
1980,144,2026-01-12,Cancelled
1981,385,2025-03-22,Returned
1982,28,2024-12-16,Returned
1983,245,2025-10-14,Returned
1984,258,2024-09-09,Completed
1985,441,2025-09-14,Completed
1986,500,2025-11-18,Completed
1987,266,2026-07-23,Cancelled
1988,353,2025-06-26,Completed
1989,346,2024-08-19,Completed
1990,298,2025-08-30,Completed
1991,186,2025-07-06,Returned
1992,96,2025-04-29,Returned
1993,122,2025-05-03,Completed
1994,491,2025-12-02,Returned
1995,188,2025-07-24,Completed
1996,218,2025-12-30,Completed
1997,359,2025-10-10,Completed
1998,438,2025-08-15,Cancelled
1999,231,2025-05-20,Completed
2000,68,2026-03-15,Returned
101,357,2025-09-23,Completed
